Organism,QS protein,Uniprot Entry,AA senquence,Protein type,PDMI,Sources
Photobacterium sp. CECT 9192,CqsA,A0A1Y6MBZ7,MLLQSNDYLAISNHDYIRKVYIDALRNNNKDVVMSAIFLHKDDDHSFEHQLADYTGFEHCILSQSGWAANIGLIQTILPVNTPVYIDFFAHMSLWEGARIAEAQIHSFLHNNIRHLAKLIKRNGPGLILVDSVYSTLGTVAPLTEIVALAKQYGCAILVDESHSLGTHGPQGAGLVAELGLTDDVDFITVSLAKAFAYRAGAILCSHKVGQALPFVARPAIFSSALLPHEIAVLQATLNVIKNSDDRRSRLVEQADKLRYGLIKLGFTIQSQSQIIALETGTEANTEIMRDYLEDMNVFGSVFCSPATPKNKNLIRFSVNSELTDKEINMILNACSMMNINLKQVS,CAI-1 synthases,21219472,Sigmol
Photorhabdus temperata,PpyS,,MKIVGLSAILPSRQVTNQDVINLVEQHSRDTFQEDLPKTLKTIGKLLEKSGSDTRHWLAADETPMALMEAAFDAALAQANISKADLDLLIYPNVTRGFIEPANSTFIAKALGLNCRNFDVVDACNGWVTAMDVINSKMQAGEIRYAAIVNMEFGMSEGGPVMPKNFSLQSPAELAYKFPSFTIGEAAVVTILSNEAPGNFKFSYINRPDLSDLSTISLPDWKLFCNEEDIAKIEPTGGQYQFNSYAAALHEDGRNEAIKVFNLQKLTADDVHKVFIHTGSPKMWEHIGQMIGVDHKLHHVGHKTGNIITASIPFGIFDAMSRGEAEPGQFCMGWAGSGGMVFSALSFTL,4-hydroxy-3-(11-methyldodecyl)-6-(2-methylpropyl)-pyranone synthases,23851573,Sigmol
Pseudomonas aeruginosa,LasI,P33883,MIVQIGRREEFDKKLLGEMHKLRAQVFKERKGWDVSVIDEMEIDGYDALSPYYMLIQEDTPEAQVFGCWRILDTTGPYMLKNTFPELLHGKEAPCSPHIWELSRFAINSGQKGSLGFSDCTLEAMRALARYSLQNDIQTLVTVTTVGVEKMMIRAGLDVSRFGPHLKIGIERAVALRIELNAKTQIALYGGVLVEQRLAVS,AHLs synthases,25320416,Sigmol
Agrobacterium tumefaciens,TraI,P33904,MRILTVSPDQYERYRSFLKQMHRLRATVFGGRLEWDVSIIAGEERDQYDNFKPSYLLAITDSGRVAGCVRLLPACGPTMLEQTFSQLLEMGSLAAHSGMVESSRFCVDTSLVSRRDASQLHLATLTLFAGIIEWSMASGYTEIVTATDLRFERILKRAGWPMRRLGEPTAIGNTIAIAGRLPADRASFEQVCPPGYYSIPRIDVAAIRSAA,AHLs synthases,18203831,Sigmol
Chromobacterium violaceum,CviI,Q7NQP6,MLDLLAFRHKIFRENLRWLPVCGNGLDRDEYDAISDNLAICLDGQVVGSVRFTPGTERYMLEKDFSRLLVPDEILYKGGASAEISRFAVDTETLGRKLTASASRLLYLSLWQWAEWNEIRWMYFVVEPSMYRRLVALGFPIRPVGVPRPLDGGVLSMAGYFDWGQIRGEVIRSLRSRVALPDACPAQWREYDYSH,AHLs synthases,9421896,Sigmol
Aliivibrio fischeri (Vibrio fischeri),LuxI,P12747,MTIMIKKSDFLAIPSEEYKGILSLRYQVFKQRLEWDLVVENNLESDEYDNSNAEYIYACDDTENVSGCWRLLPTTGDYMLKSVFPELLGQQSAPKDPNIVELSRFAVGKNSSKINNSASEITMKLFEAIYKHAVSQGITEYVTVTSTAIERFLKRIKVPCHRIGDKEIHVLGDTKSVVLSMPINEQFKKAVLN,AHLs synthases,7236614,Sigmol
Vibrio harveyi,LuxM,P54298,MKLMLSLGSLSANSLPIEKKQQVLIDLVIRTYQSHERTELFKAITEYRKNQLIALFPEHANKSYSIIFELMDYRDLIERYPSTLSEEATLLEKVVGQCFMHWLDFWCECEIAAIKAKFPLKENELPAPQLLFEDSAYYGALVERVEDTQLMVQIPSHPQAMPLSDAITLSNLELFIQGEKWYEMLSLLSLSQVGKHFIVLKHPVQDSCPTLVASALIQNWSVRDTWLSYAPQFSNEQWNYCFPSYGYSEFTRLQLFTPSSLSKCYSLPEFDNEFKLQLSDTQAVCEVLRLTVSGNAQQKLYFLYLAQKELMSVLHQAGYKIGFTIIEQPFMLNFYRAIDAKAYFHSGYCDLNDDGKQTYRGFWNFEMMVKAFSNIDFRGYKRAVRASRKRGSLERDEHV,AHLs synthases,23766010,Sigmol
Erwinia stewartii,EsaI,P54656,MLELFDVSYEELQTTRSEELYKLRKKTFSDRLGWEVICSQGMESDEFDGPGTRYILGICEGQLVCSVRFTSLDRPNMITHTFQHCFSDVTLPAYGTESSRFFVDKARARALLGEHYPISQVLFLAMVNWAQNNAYGNIYTIVSRAMLKILTRSGWQIKVIKEAFLTEKERIYLLTLPAGQDDKQQLGGDVVSRTGCPPVAVTTWPLTLPV,AHLs synthases,19843225,Sigmol
Pseudomonas chlororaphis,PhzI,Q51522,MHMEEHTLNQMSDELKLMLGRFRHEQFVEKLGWRLPAHPSQAGCEWDQYDTEHARYLLAFNEDRAIVGCARLIPTTFPNLLEGVFGHTCAGAPPKHPAIWEMTRFTTREPQLAMPLFWRSLKTASLAGADAIVGIVNSTMERYYKINGVHYERLGPVTVHQNEKILAIKLSAHREHHRSAVAPSAFMSDTLLRETA,AHLs synthases,23727350,Sigmol
Yersinia enterocolitica,YenI,P52988,MLKLFNVNFNNMPERKLDEIFSLREITFKDRLDWKVTCIDGKESDQYDDENTNYILGTIDDTIVCSVRFIDMKYPTMITGPFAPYFSDVSLPIDGFIESSRFFVEKALARDMVGNNSSLSTILFLAMVNYARDRGHKGILTVVSRGMFILLKRSGWNITVLNQGESEKNEVIYLLHLGIDNDSQQQLINKILRVHQVEPKTLETWPIIVPGIIK,AHLs synthases,16452428,Sigmol
Aliivibrio fischeri (Vibrio fischeri),AinS,Q5E614,MYDYCSQTQNFNLLQQLINARERIILNKFEGGTIGNLEYLFSTSEAAEILGKQPCSSLPKVYFHIEQMAIKVFGCLLKCSTEFEMFKLIHKPISVLHRHLDVTKKNSTSAIIDEKYHYELVQDISTDERYFHTEFSEHPLPLSDAIVLINIATFIKEHKWYEMLNHLEISSKGEHFILYQYTDNNIYPTIISSALIQTTSNKHDWLFFDTFFQNTKWKPNLNADGLLSLSHATFMSPLARSHFVDKSSTEIENDLFYSILDKTKACEAIRLTISGEKSKANYHLYLAQKGLAMALKESGRDIVFTIIEKPAMVLFYQSMNLLTPTQSPYVFTSEQDVNKSGIITYKGIWLLKNASSAFNQYSFKAYNANIISLRKKLRNQ,AHLs synthases,8002580,Sigmol
Aeromonas hydrophila,AhyI,Q44058,MLVFKGKLKEHPRWEVENELYRFRNRVFSDRLGWDVESHRGLEQDSFDTPDTHWVLIEDEEGLCGCIRLLSCAKDYMLPSIFPTALAGEAPPRSNDVWELTRLAIDAERAPRLGNGISELTCIIFREVYAFAKAQGIRELVAVVSLPVERIFRRLGLPIERLGHRQAVDLGAVRGVGIRFHLDERFARAVGQPLQGAYDEARELVTE,AHLs synthases,26130267,Sigmol
Burkholderia ambifaria,BafI,Q9AER2,MRTFVHEEGRLPHELAADLGRYRRRVFVEQLGWALPSANESFERDQFDRDDTVYVFARNAGGDVCGCARLLPTTRPYLLKSLFADLVAEGVPLPQSAAVWELSRFAATGDEGGPGNAEWAVRPMLAAVVECAAQLGARQLIGVTFASMERLFRRIGVHAHRAGPPKQVDGRLVVACWIDIDPQTFAALGIEPGRAARQAIAA,AHLs synthases,14570265,Sigmol
Erwinia carotovora,CarI,P33880,MLEIFDVNHTLLSETKSGELFTLRKETFKDRLNWAVQCTDGMEFDQYDNNNTTYLFGIKDNTVICSLRFIETKYPNMITGTFFPYFKEINIPEGNYLESSRFFVDKSRAKDILGNEYPISSMLFLSMINYSKDKGYDGIYTIVSHPMLTILKRSGWGIRVVEQGLSEKEERVYLVFLPVDDENQEALARRINRSGTFMSNELKQWPLRVPAAIAQA,AHLs synthases,1335238,Sigmol
Burkholderia sp,CepI,Q9AM54,MQTFVHEEGRLPYELAADLGRYRRRVFVEQLGWALPSANEAFERDQFDRDDTVYVMARNAAGEMCGCARLLPTTQPYLLESLFADLVAQDVPLPKSAAVWELSRFAATADENGPGNAEWAVRPMLAAVVECAAQLGARQLIGVTFASMERLFRRIGVHAHRAGPPKQVDGRLVVACWIDIDPQTFAALGIEPGPAARQAIAA,AHLs synthases,24084115,Sigmol
Rhizobium leguminosarum,CinI,Q9KJ70,MFVIIQAHEYQKHAAVLEQMFRLRKKVFADQLGWDVPVIGPYERDSYDSLSPAYLVWCNDSRTRLYGGMRLMPTTGPTLLYDVFRETFPAAADLVAPGIWEGTRMCIDEEAIARDFPNIDAGRAFSMMLLALCECALDHGIHTMISNYEPYLKRVYKRAGAEVEELGRADGYGKYPVCCGAFEVSDRVLRKMRAALGLTLPLYVRHVPARSVVTQFLEMAA,AHLs synthases,10931307,Sigmol
Rhizobium etli,RaiI,O54451,MLRILTKDMLETDRRAFDEMFRARAAVFRDRLGWQVDVRDQWERDRYDEAEDPVYLVTQQPSGTLTGSLRLLPTTGATMLKSEFRHFFDQPIDVDSPTTWECTRFCLHPHAGDMKQSRAVATELLSGLCDLALDTGIENIVGVYDVAMVAVYRRIGWRPTPLARSRPEIGKLYVGLWDVTADNCRTLRANLSRLLEQASPYPARVLVDGGMR,AHLs synthases,19270098,Sigmol
Hafnia alvei,HalI,Q83ZG5,MLELFDVSYDELNGVRSDELYRLRKKTFSDRLGWDVVCNRGMEFDEFDNPNTRYILGLYEGQLICSVRFVPLELPNMITHTFHSCFHDVSLPAGEVESSRFFVDKSRARDLLGERYPVSQVLFLAMINYARQYNLNGIYTIVSRAMLTILKRSGWQVRVLKEAYLSEEERIYLLYLPTDSDSQAKMATKINAFEGCSLPEFEHWPMSVAVIKTALV,AHLs synthases,24736131,Sigmol
Nitrosospira multiformis,NmuI,V5JG72,MLAQHGNGSLDKRAAMGMYRLRHEVFHDRLGWEVTTDNGMEHDEFDLADPVYVLAKGDEGDEDEVLGCWRLLPTQGPYMLKDTFPQLLHGQPAPQQSDVWELSRFAVMVPKYESAGFGFSEIPVKMMQTLFLFARHNKIKRYVTVTTVAVERLIRKLGVNVSRLGAPVKIGRVLTVACYIEIDAITEFALFGILPENAQRKAA,AHLs synthases,24271173,Sigmol
Pseudomonas putida,PpuI,Q8GEM0,MLISIDRRTNIDPQALNAMHKLRARIFKVKKMWDIPLINDMEIDGYDALDPYYMIINRDDEAGYVCGCWRILPTTGPNMLAHTFPELLHGHPAPCSDAIWELSRFAIELPDGNRFGFSQGTTQAIHAIVSYAIGCGVKQFVTVTTVGVEKMLIRLGLDISRFGPALQIGVERAVALRIELNEKTTSALEAAIKNNCH,AHLs synthases,15345437,Sigmol
Rhizobium leguminosarum,RhiI,Q1M7Y9,MMKICIGDSRANAVIMEKIWRFRHQQFVERRGWQALRKSDRREIDQFDHDCAIHFSVLKNDAVIGYSRLLPTVQPHLLSSVYPQIMRGQKWPRSHDVFEWTRWAVASGDERIDGVRVSRVLMIGLMEFCRVAGITSLIGETHPKLINSLRANGWQTHILSEPSIFENELVVPLEVIPSSAPQT,AHLs synthases,10931307,Sigmol
Sinorhizobium meliloti,SinI,Q92PD0,MIRIVNGNGRSQHPQAIDEMFRLRKRVFHDFLKWDVKTEGDWEIDHYDKANPLYVMSYSPDTGKIRGSLRLLPTLGPNMLDDTFPILLGDNPEIRSASVWESSRFCIDPEISQDRASNQVTIAAAELMCGVGEMSLASGISHIVTVTDVFLERMFRRMGCPGERIADPHRIGSVHAVAIAWEVSRNLLETMKAVASIEGTVLDRPMSLETARAA,AHLs synthases,16291666,Sigmol
Vibrio anguillarum,VanI,P74945,MTISIYSHTFQSVPQADYVSLLKLRYKVFSQRLQWELKTNRGMETDEYDVPEAHYLYAKEEQGHLVGCWRILPTTSRYMLKDTFSELLGVQQAPKAKEIYELSRFAVDKDHSAQLGGVSNVTLQMFQSLYHHAQQYHINAYVTVTSASVEKLIKRMGIPCERLGDKKVHLLGSTRSVALHIPMNEAYRASVNA,AHLs synthases,9139920,Sigmol
Vibrio anguillarum,VanM,Q9FDA3,MKIISSLGSRLTNSLPIEKKQRALVEFVINTYQPQQRADLFRALTEHRKNQLLNLFPEHHNKSFSILFELMDYRELIRRYPNTFGEEIAHLEQAVSECYSHWLDFWCECEIAAIKTLFPIEADAPHRIELPLKDCAYRGFLIDQIEDSELWVTTPSHPQKMPIKDAITLSNLELFIKGEKWYEMLPLLSLSQKGKHFVLLKHPNNEASPTLVASMLVQDWSVNQTWLSYAQQFSNEQWQFCLPDHSYDVLMELQLFKPALSKCDSLPEFDHQFRRQLTGTQAVCEVLRLTVSGNAQQKLYFLYLAQKKLIQILNQMGYKIGFTIIEQPFILNFYQTIEPKSYFRSGYNDLNNNGKQSYRGFWMIERMDKVFSDTNFRDYRHAVSQRRKYDLTKRKEKEYA,AHLs synthases,11371516,Sigmol
Vibrio fluvialis,VfqI,M1K7H8,MSISIHSYQFTTVPAQDYRALLKLRYKVFSERLHWELETHQGLESDEYDIPRAHYLYAKGDEGHLIGCWRILPTTQSYMLKDTFPELLGDVQAPQGERIYELSRFAVDKEFSAQSGGVSNVTMKMFQSLYHHAQSQGIERYVTVTSTGVEKLIKRLGIPCERVGDQQVHMLGDTRSVALLIPMNERYRDSVGA,AHLs synthases,23749976,Sigmol
Yersinia pseudotuberculosis,YpsI,Q669I6,MLKVFNVNFDRMSENKLDEIFTLRKITFKDRLDWKVTCIDGKESDQYDDENTNYLLGTIDDTLVCSVRFVEMQYPTMITGPFAPYFRDLDLPIDGFIESSRFFVEKALARDKLGNNGSLSAILFLSMVNYARNCGYKGILTVVSRGMYTILKRSGWGITVINQGESEKNEVIYLLHLSIDSNSQQQLIRKIQRVHNIDTHTLESWPLVVPSMTK,AHLs synthases,16967185,Sigmol
Yersinia pseudotuberculosis,YtbI,A0A0U1QV91,MLEIFDVRYDELTDIRSEDLYKLRKKTFKDRLNWEVNCSNGMEFDEYDNSDTRYLLGIYQGQLICSVRFIELHLPNMITHTFNALFDDVALPKRGYIESSRFFVDKTRAKLLFGNHYPISYLFFLSIINYSRHNGYTGIYTIVSRAMLTILKRSGWQVEVIKEAHITEKERIYLLHLPIDRDNQARLLLQVNQRLQDPCSVLSTWPISLPVMPESA,AHLs synthases,16967185,Sigmol
Acidithiobacillus ferrooxidans,AfeI,Q4GZN8,MQVITGPAEVLPNNLYAKVAGYRHQVFVEQLGWALHTENGMESDQFDRADTVYVVAQDDNGHISGCARLLPTSRPYLLGEIFPQLLNGLAPPCSPEVWELSRFAAVDLNGQAKMPGQFSSSGARKLLEESVACAVSHGAKRLITVSPIGVERLLSRSEYHAHRAGPPMIIGGHPIFACWIDLD,AHLs synthases,16269739,Sigmol
Bradyrhizobium japonicum,BjaI,Q89VI2,MIHAISAVNRHLYEDVLEQHFRLRHDIFVEERHWETLRRPDGREVDSYDDEDTVYLLALEGRRVVGGHRLYPTTKPSMMSEVFPHLAAVRGCPSDPLIWEWSRYFVVRDRRDGALNLQLMAAVQEFCLDQGIAQVSAIMETWWLPRFHEAGFVVTPLGLPALVENAWTMAATVDIRRQTLDVLHDRIGMPSIVQQDGPRLDAVARANLCGLAAAQRKSA,AHLs synthases,21949379,Sigmol
Dickeya dadantii (strain 3937) (Erwinia chrysanthemi (strain 3937)),ExpI,Q47187,MLEIFDVSFSLMSNNKLDEVFALRKGTFKDRLDWTVNCINGMEFDEYDNEHTTYLLGVKEGKIICSVRFIEMKYPNMITGTFFSYFDGLNIPEGNYIESSRFFVDRDRVRNLIGTRNPACLTLFLAMINYARKYHYDGILTIVSHPMLTLLKRSGWRISIIQQGLSEKQEKIYLLHLPTDDESRYALIERITRITNAESEQLTTLPLLVPLA,AHLs synthases,9781877,Sigmol
Pseudomonas aeruginosa,RhlI,P54291,MIELLSESLEGLSAAMIAELGRYRHQVFIEKLGWDVVSTSRVRDQEFDQFDHPQTRYIVAMSRQGICGCARLLPTTDAYLLKDVFAYLCSETPPSDPSVWELSRYAASAADDPQLAMKIFWSSLQCAWYLGASSVVAVTTTAMERYFVRNGVILQRLGPPQKVKGETLVAISFPAYQERGLEMLLRYHPEWLQGVPLSMAV,AHLs synthases,25320416,Sigmol
Rhodopseudomonas palustris,RpaI,Q6NCZ6,MQVHVIRRENRALYAGLLEKYFRIRHQIYVVERGWKELDRPDGREIDQFDTEDAVYLLGVDNDDIVAGMRMVPTTSPTLLSDVFPQLALAGPVRRPDAYELSRIFVVPRKRGEHGGPRAEAVIQAAAMEYGLSIGLSAFTIVLETWWLPRLVDQGWKAKPLGLPQDINGFSTTAVIVDVDDDAWVGICNRRSVPGPTLEWRGLEAIRRHSLPEFQVIS,AHLs synthases,24369303,Sigmol
Serratia sp. ATCC 39006,SmaI,Q9L3I9,MIDFFDLDYDSLSQKRSAELFSLRKKTFKDRLNWRVSCEQNMEFDVYDNKNTTYIFGVYEGSIICSLRFIETRFPNMIIDTFKPYFTQLHLPEGNHIEASRLFIDKERIRALHLQQHPISLLLFLSMINYARSLGYEGIYAIVSHPMLIIFQRSGWQVSIVEKGLSEKHQNIYLIHMPVDEHNQHLLIKHINKKSPLLNNTLNAWPLSFCVRENRSDQFQLDPKPYGMFGIGNT,AHLs synthases,18424536,Sigmol
Serratia plymuthica,SpsI,B3VBK8,MEDVEMIEIFDVNYNLMSDNRSKELFSLRKKTFKDRLDWIVKCENNMEFDEYDSEHATYLFGTYKEIVVCSLRFIEIKYPNMITGTFKSYFNKIELPEGNFVEASRLFIDKERVQAMQLQKKPISSILFLSMINYARNYGYQGIYAIISHPMLIIFQRSGWEISVIEQGQSEKNQRIYLIYMPVDDRNQQILIDRISLAHSGLTPVRDVWPLTFRVRDHGPDELKLNS,AHLs synthases,17258895,Sigmol
Yersinia pestis,YspI,Q666J8,MLEIFDVRYDELTDIRSEDLYKLRKKTFKDRLNWEVNCSNGMEFDEYDNSDTRYLLGIYQGQLICSVRFIELHLPNMITHTFNALFDDVALPKRGYIESSRFFVDKTRAKLLFGNHYPISYLFFLSIINYSRHNGYTGIYTIVSRAMLTILKRSGWQVEVIKEAHITEKERIYLLHLPIDRDNQARLLLQVNQRLQDPCSVLSTWPISLPVMPESA,AHLs synthases,16385067,Sigmol
Aeromonas salmonicida,AsaI,P70774,MLVFKGKLKEHPRWEVENELYRFRNRVFSDRLGWDVESHRGLEQDSFDTPDTHWVLIEDEEGLCGCIRLLSCAQDYMLPSIFPTALAGEAPPRSSDVWELTRLAIDANRAPRMGNGVSELTCVIFREVYAFARAKGIRELVAVVSLPVERIFRRLGLPIERLGHRQAVDLGAVRGVGIRFHLDERFARAVGHPMQGEYADARELVTE,AHLs synthases,26130267,Sigmol
Pseudomonas chlororaphis,AurI,M1VJB2,MEFIEFHTLDYSATPHAWVADLYGLRKEVFADRLNWKVNIKNDIEFDEYDNERTTYLIGTWKGVPLAGLRLINTLDPYMVEGPFRDFFRCAPPKQALMAESSRFFVDKTRSRQLGLAHLPLTEMLLLCMHNHAARSGLESIITVVSNAMGRIVRNAGWHYEVMDSGEAAPGEKVLLLNMPISDANRQRLLSSIARKCPLSSAQLNSWPQRLNPLHTALYEPQRISA,AHLs synthases,23727350,Sigmol
Burkholderia pseudomallei,BpsI,Q6UBQ0,MRTFVHGDGRLPSDLAADLGLYRHRVFVEQLGWKLPSASEGFERDQYDRDDTVYVFARDDDGEICGCARLLPTTRPYLLKELFPTLVAQDMPLPQSAAVWELSRFAANAEDPAGGGNPAWAVRPMLAAVVECAARLGAKQLIGVTFLSMERLFRRIGVHAHRAGPAQQIDGRMVVACWIDLDAQTLAALDLDPLLCAPPAEAA,AHLs synthases,21252275,Sigmol
Paraburkholderia kururiensis,BraI,B1VD88,MQATIRIGLRQEFDNEHINEMYRLRARVFRDRMGWDIPTIAGMEIDGYDALGPHYMLIQEPAGEVRGCWRLMPTEGPNMLRDTFPQLLAGKAAPTGRTIWELSRFAIEAGGDQSFGFADVTMHAIHALVTFADRMGITRYVTVTTTPIERLLRRTGIELARLGPPMRIGTENAIALDIAVSPQTRVALFGPMAAAA,AHLs synthases,28548604,Sigmol
Pectobacterium betavasculorum,EcbI,O30345,MLEIFDVNHTLLSETKSEELFTLRKETFKDRLNWAVQCTDGMEFDQYDNNNTTYLFGIKDNTVICSLRFIETKYPNMITGTFSPYFKEINIPEGNYLESTRFFVDKSRAKEILGNEYPISSMLFLSMINYSRDKGYDGIYTIVSHPMLTILKRSGWGISVVEQGLSEKKERVYLVFLPVDDQNQDALARRINRSGTFMSNDLKQWPLRLPPAIVQA,AHLs synthases,9476353,Sigmol
Edwardsiella tarda,EdwI,Q60HM1,MFEIFDVDYQSLSRTTSTELFSLRKGTFKDRLNWAVTCSDGMEFDEYDSEHTTYLLGVKDNDVVCSVRLIETCHHNMIVGTFFRYFEKGEIPASSQFFESSRFFVDKRRARTLLGNQYPLCHLLFLAMINYTMASGHRGIYTIVSHSMLRILTRSGWNITVVERGVSEKAQDIYLVYLPTDAANQRLLIERINQDQPFDEEALQSWPLVLKADTLSPQSA,AHLs synthases,16233705,Sigmol
Gluconacetobacter diazotrophicus,GDI2836,A9HQQ6,MQTYVFSYSSRSQVPDIYLQMSKARCRVFKERLGWDVHDDDGLEVDEFDTTLDPLYFVVADNRGKHIASLRLLSCKGPTMLTRIFQDFFPAGSVRVCNAAFECTRLCLYAPGIDEPLRRIGIAQLCYTLSNYALSQNASGIIGVYYSIMRRVYAKVGWAPDTLVSSIQEDKNIELGRWNVSEEVVGSLGALCWRLSLDIPHYNRVIKVE,AHLs synthases,22350020,Sigmol
Gluconacetobacter intermedius,GinI,B0M191,MIEVVTVENAHWAGTALAEQFKFRYRHFVANEQWEVPFYKGMEYDQFDTPAAVYLVWRDVAGVVRGMIRLLPTNRPYMLETLWPDMMPDPIVPSGPAVWEITRFGVERNLSLSLRKQISAELILACIEFSVLNDIHTYLFLTAWGVLKRIVPGAGVEAQIHSRKTLPSGHDVASAVVPVSQAVLDKARAKLNIHYAVLDNNSIEQQHAA,AHLs synthases,18245283,Sigmol
Halomonas anticariensis,HanI,E2G6R4,MKKMNHGLTTKVVVYDDLSDSKEREIYTVRKEAFVDRRGWDIPTYDGGAWERDQYDDSSSMYIVVETEEHIQGCVRVRPSLIPNVTRGIVSELSLQEDYFLAKVGNGQVWEASRFALKTTRNSSFVRVDGVDIRTVLLFGEMLNLALQNNTSCYEVIVDGLMKKVLSRAKWDLDIVHKGRGSKNESVYYGLLGCSENQYKKMKLLIDKAFGLLV,AHLs synthases,15909077,Sigmol
Mesorhizobium loti,MrlI1,B0ZTB8,MLFCLTTQELMERPDLWEAVHRLRYKIFVEEMGWEDLRRPDGLERDQFDHDEAIHQIVIRGDEVAGYQRMLPTTRPHLLTEVLTDLSEGIPPSGPNIWELTRYAVAPGFRDGRRGVSTVGTELIAGFVEWGLKRGVDKVIIEFEPMWVLRALQLHFLATPLGYQRTYGNQQVVATLLTFNEHTLDVVRSRRNHFAPVLARGYPDMLGQRRAS,AHLs synthases,19295655,Sigmol
Mesorhizobium loti,MrlI2,B0ZTC1,MAGTQPARRRRMIQLITPGLYSEFAGELKEMHGLRYRVFKERLDWEVQTGGEMETDTFDDLKPVYLLLKGSDWRIRGCVRLLPTTGPTMLRDTFPALLGEAVAPASPDIWESSRFALDLPPSTPKAAGGLAQATYELFAGMIEFGLANNLTRIVTVTDTRMERILRLATWPLSRIGKPQPVGKTEAVAGFLEISHASLLRIRWRGRLNGPVLWRPILGLPHGPCGS,AHLs synthases,19295655,Sigmol
Mesorhizobium tianshanense,MrtI,Q45NF3,MFIIIQAHEYQKYAAVLDQMFRLRKKVFADTLGWDVPVIGPYERDSYDSLAPAYLVWCNDSRTRLYGGMRLMPTTGPTLLYDVFRETFPDAANLIAPGIWEGTRMCIDEEAIAKDFPGIDAGRAFSMMLLALCECALDHGIHTMISNYEPYLKRVYKRAGAEVEELGRADGYGKYPVCCGAFEVSDRVLRKMRAALGLTLPLYVRHVPARSVVTQFLEMAA,AHLs synthases,16484206,Sigmol
Rhodospirillum rubrum,Rru_A3396,Q2RNV5,MVILTDRENAICNAFLLHSFSELRHEVFVNRLKWPLQCPPGREIDRFDDQDAVYMTISGVGGRVVAGLRLLDTVKRSLLNEVFPMLVDGPLPRDPKVMDVTRFAVDHRPEYVEGTGNLCGLLLCALQDYGLARGLTGYVSVSDVRMEPILRRGGYRFRRMGGMIEMDGTGVVALEVEISPEVRAIARRRAGVSERVLVDERLRSAA,AHLs synthases,24025602,Sigmol
Ralstonia solanacearum,SolI,O30920,MRTFVHGGGRLPEGIDAALAHYRHQVFVGRLGWQLPMADGTFERDQYDRDDTVYVVARDEGGTICGCARLLPTTRPYLLKDVFASLLMHGMPPPESPEVWELSRFAARSGAPCPRSGRADWAVRPMLASVVQCAAQRGARRLIGATFVSMVRLFRRIGVRAHRAGPVRCIGGRPVVACWIDIDASTCAALGIPSASAAPGPVLQ,AHLs synthases,9371457,Sigmol
Serratia plymuthica,SplI,Q5WRJ8,MLELFDVSYEELKVTHSNELYRLRKKTFSDRLGWDVACNLGMEFDEFDNPRTRYILGLCQGQLVCSVRFIALSQPNMITHTFCSCFDSVHIPFEGIESSRFFVDKARARQLLGEQYPVSQALFLAMINWGHHHERNGIHTIVSRAMLRILQRSGWKISVLKEAFLTERERIYLVFLPTGSEDQNRMASGIVTGLGCPRSSVITWPLSLPV,AHLs synthases,17258895,Sigmol
Serratia proteamaculans,SprI,Q8KR90,MLELFDVSYDELKATHSDELYRLRKKTFSDRLGWDVACKLDMEFDEFDNPNTSYILGLCQGQLICSVRFTALSQPNMITHTFQASFDSVSLPLVGIESSRFFVDKTRARRLLGEQYPVSQALFQAMINWARHHERNGIHTIVSRAMLRILKRSGWQVSVLKEAYLSERERIYLLFLPTGPEDQARMASVIITDLGCPAPSVITWPLLLPV,AHLs synthases,12624209,Sigmol
Serratia liquefaciens,SwrI,P52989,MIELFDVDYNLLPDNRSKELFSLRKKTFKDRLDWLVNCENNMEFDEYDNRHATYIFGTYQNHVICSLRFIETKYPNMISDGVFDTYFNDIKLPDGNYVEASRLFIDKARIQALQLHQAPISAMLFLSMINYARNCGYEGIYAIISHPMRIIFQRSGWHISVVKTGCSEKNKNIYLIYMPIDDANRNRLLARINQHATKMG,AHLs synthases,8861211,Sigmol
Burkholderia glumae,TofI,Q4VSJ8,MQTFVHEAGRLPAHIAAELGSYRYRVFVEQLGWQLPSEDEKFERDQYDRDDTVYVLGRDANGEICGCARLLPTTRPYLLQEVFPHLLADEHPAPRSAHVWELSRFAATPEEGADAGSLAWSVRPMLAAAVECAARRGARQLIGVTFCSIERLFRRIGVHAHRAGAPVSIDGRMVVACWIDIDAQTLAALDLDPALCASQPEAA,AHLs synthases,15522077,Sigmol
Pantoea agglomerans,PagI,C0L3S8,TYLLGMHNGKLLCGARFIDSTQPTMMSEIFHEYFEGISGLPTDIPCCEISRLFLDKDRRDSAGLHGLPASKVLFLAMIFYCMKRNYRGMYAVASRGMYAIFRHANWKIEVIQKGLSEKGEVIYYIFMPASMSIVEDIITRDKASGWLREMSRHLRHL,AHLs synthases,25283544,Sigmol
Pseudomonas corrugata,PcoI,A7KC33,MNYSSCIHHFFGVSTCIASYSKIPTQTLQQILAIRKTAFIDRKKWDIASYQGSDYERDEYDDPDAVYIYAQTQGRVSGCVRLRASNKPTLMSGALSFILPADNIRPHSHTCWEATRFALSADKTLAGEVTQANIDARTAALFLSMIKFAQLQNIDTYEIVVDTMMEKILKRSGWTVDRHNTALGSKGETIIYGTLPCTPDTYNEVLNKNAVQTITAYEQFFMTNRSSDISHQPFDIDQTHIDRNIPARKQMHTELHL,AHLs synthases,17537174,Sigmol
Serratia marcescens,SpnI,Q8GQN0,MLELFDVSYDELKITHSNELYRLRKKTFIDRLRWDVACNADLEFDEFDNPATRYILGLNKGQLICSVRFKGLATAHYDYSHVSCLFLTQFRFPTSGIESSRFFVDKERAQQLLGGRYPVSQILFLAMINWARHNDRHGIHTIVSRPMLTILKRSGWQIKTLKEAFLSERERIYLVFLPTEAEDQDQMVSGLISEYGTCGSVITWPAVA,AHLs synthases,17675425,Sigmol
Rhodobacter sphaeroides,CerI,Q3J1N6,MIFIIDSLNLREHADIVKDMFRLRKRVFADRLGWDVQISQGMERDRFDDLDPAHVVSVDDEGRVVGCMRLLQTTGPHMLSDVFSSILDGEPPLRSATLWEATRFCVDTDRLVSGRARNSIAYVTSEVMIGAFEFAMSAGVTDAVAVIDPVMDRVLKRSGNAPQGYVGTPKPMGKVTALAALMDCSEERVKRIRDFAGIYHDVTQPQTVIA,AHLs synthases,9393720,Sigmol
Agrobacterium vitis (Rhizobium vitis),AvsI,Q1W371,MLKILNSRHKQTQQSALADMFRLRKKVFHDLLKWDVLVQGDFEMDHYDDANPIYVLSYDDRTGRLRGSLRLLPTLGPNMLDDTFPVLLDGKPAIRDIAMWESSRFCIDPEISLDRSSNQVSIAAAELMCGVGELGLASGLTHIVTVTDVFLERMFRRMGCPGERIGAPHKIGSVHAVAIAWEIDTGMLDAMKNIAAITGRLLDTPMSLEQARAA,AHLs synthases,17906938,Sigmol
Citrobacter rodentium,CroI,D2TJQ0,MNSVVEFFLHDYDELPPGFARELYRLRKRTFRERLDWKVECIDDQEKDQFDNENTTYLLGMHDGQLLCGARFIDATHPTMISEIFHAYFDDIKLPTDIPCCEISRLFLDKERRDSGNLRGMPVSKALFLAMIIYCMKRQYRGMYAVASRGMYAIFRHANWKVEVIQKGLSEKGETIYYIFMPASTSAVEDIISKDKAGDWLREMLQQLRRM,AHLs synthases,17557113 ,Sigmol
Pantoea agglomerans,EagI,P33881,MLEIFDVSYNDLTERRSEDLYKLRKITFKDRLDWAVNCSNDMEFDEFDNSGTRYMLGIYDNQLVCSVRFIDLRLPNMITHTFQHLFGDVKLPEGDYIESSRFFVDKNRAKALLGSRYPISYVLFLSMINYARHHGHTGIYTIVSRAMLTIAKRSGWEIEVIKEGFVSENEPIYLLRLPIDCHNQHLLAKRIRDQSESNIAALCQWPMSLTVTPEQV,AHLs synthases,25700398 ,Sigmol
Pseudomonas syringae pv. Syringae,AhlI,Q7WU44,MSSGFEFQVASYSKVPVTLLETLYALRKKIFSDRLEWKVRVSQAFEFDDYDSAAATYLIGSWNGVPLAGLRLINTCDPYMLDGPFRSFFDYPAPRNAGMAESSRFFVDTERARSLGILHAPLTEMLLFSMHNHAASAGLESIITVVSKAMARIVRKSGWEHRVLATGEASPGETVLLLDMPVNADNHQRLLGSIALRQPVTDDLLRWPIPLDASASLQRARMDSAA,AHLs synthases,10383988,Sigmol
Pseudomonas syringae tabaci ,PsyI,P52990,MSSGFEFQLASYTTMPVTLLETLYSMRKKIFSDRLEWKVRVSHAFEFDEYDNAATTYLVGSWNGVPLAGLRLINTCDPYMLEGPFRSFFDCPAPKNAAMAESSRFFVDTARARSLGILHAPLTEMLLFSMHNHAALSGLQSIITVVSKAMARIVRKSGWEHHVLSTGEASPGETVLLLEMPVTADNHQRLLGNIALRQPVTDDLLRWPIALGVSGSAPQACMHSAA,AHLs synthases,27864298,Sigmol
Burkholderia vietnamiensis ,BviI,A0MSK9,MLTLLSGRSADLNRETMYQLAKYRHKVFIQELGWTLPTDNGIEFDNFDHADTLYVIARDRNGEIVGCGRLLPTDEPYLLGDVFPTLMGDAALPHAPDVWELSRFAMSMPRGESLTAEESWQNTRAMMSEIVRVAHAHGANRLIAFSVLGNERLLKRMGVNVHRAAPPQMIEGKPTLPFWIEIDEQTRAALNLDGLERVGGVPPKTLRRPDASRALEQSV,AHLs synthases,11807080,Sigmol
Burkholderia cenocepacia,CciI,B4EI52,MPSIFAGSFDDMPTTMHRRLGVFRYDVFVGRLGWQLPGADATSLTEWDQFDRGRTIHVVSVDQAQHICGCARLIPTTQPYLLQTLCAPSAALHLPRAPTVWELSRFAARCGANPTMRASTGMQLFPAILAIAASLGATCVIGAMTRAVARLYQRCGLALQLLDTAETADRPAYLIGAIEITRSTFTNLGCDAHELLAAVTWLGAHAT,AHLs synthases,16041013,Sigmol
Acinetobacter baumannii,AbaI,B0FLN1,MNIIAGFQNNFSEGLYTKFKSYRYRVFVEYLGWELNCPNNEETRIQFDKVDTAYVVAQDRESNIIGCARLLPTTQPYLLGEIFPQLLNGMPIPCSPEIWELSRFSAVDFSKPPSSSSQAVSSPISIAILQEAINFAREQGAKQLITTSPLGVERLLRAAGFRAHRAGPPMMIDGYSMFACLIDV,AHLs synthases,22853441,Sigmol
Pseudomonas sp,CmrI,E2ITE7,MRIFSGNGKALGSQLKQDIASYRYKVFVEKLGWPLDCPDQLELDEFDRDDTLYLAAKDETGAIVGTARLLPTTRPYLLSEVFPDLLGSDQPPSQTHVWELSRFAAVSLDKDTDAMNAYSSASAMSLLLEAFEYARSLGARKLLTVSPSAIARLLIKRKFNIRQLGPSRISEGLSIMALEIDLCAARTH,AHLs synthases,21071496,Sigmol
Methylobacterium extorquens,MsaI,C5B506,MTDIHVITNENRARYADLIELHHRVRHDIFVGEKGWEALRKPDGRDVDAYDDEHAVYLLAVDGSKLVGGQRLYPTTRPHMISEVFPHLVHGSRGIPTGPDVWEWTRYFVVRERRYGRTDCRLLAAMQQYCLDEGIETVTAVAETWWLPRVHSVGFKTRPLGVPQMIEGQPTIAVKVPISEDSLASVRRHAGLRGHAILPRHFAKAA,AHLs synthases,16412429,Sigmol
Methylobacterium extorquens,MlaI,C5ASV5,MIHVVTAENMQDYAGALDQAFRLRHRVFVEELGWSNLARPDRREIDEFDDEHAIHLLALDETESVIGYSRLLPTTRPYLLPMVLPQLCEGAAPSGAHIVEWGRICVAECARTSGRRLNPTALALMTAIVEWGLPRGITSFISEMPTSWILRLLQLHLRAMPLGLPHEIEGEEIVAVEAAFDGRSLRQLQNKRGDIRSVLAPPRVSFARLAS,AHLs synthases,16412429,Sigmol
Pantoea ananatis,EanI,A6P7G6,MLELFDVSYEELQTTRSEELYKLRKKTFSDRLGWEVVCSQGMESDEFDGPGTRYILGICEGQLVCSVRFTCLDRPNMITHTFRHCFDDVPLPAYGTESSRFFVDKARARELLGEHYPVSQVLFLAMVNWAQNNAYTHIYTIVSRAMLKILKRSGWQISVVKEAFLTEKERIYLLTLPAGEADKQQLGGDIVARTGCAPVAVTTWPLTLPV,AHLs synthases,17827290,Sigmol
Yersinia ruckeri,YruI,Q7BKK2,MLEIFDVSYEELMDMRSDDLYRLRKKTFKDRLQWAVNCSNDMEFDEYDNPNTRYLLGIYGNQLICSVRFIELHRPNMITHTFNAQFDDIILPEGNYIESSRFFVDKSGAKTLLGNRYPISYVLFLAVINYTRHHKHTGIYTIVSRAMLTILKRSGWQFDVIKEAFVSEKERIYLLRLPVDKHNQALLASQVNQVLQGSDSALLAWPISLPVIPELV,AHLs synthases,17241341,Sigmol
Azospirillum lipoferum,AlpI,Q19U13,MAPIQSHQLRHQAFVDRLRYAVPSHDGLEWDQYDTPRASYIVVEHDGRCAAVCRLVPTTAPYMLEELFPQLLPYAPPKSADIWEATRIAVDAALPAPARDAALRALIVGVQRFGLENGIRHFLGLMPVAIFKRTLVRNGVTVRILDAAAQPIDGIATAAGEILVDPATVERLAPSMAVAA,AHLs synthases,17064258,Sigmol
Acinetobacter oleivorans,AqsI,D3JTG5,MNVIAGFQNNFSEVLYTKFKSYRYKVFVEHLGWELNCPNNEELDQFDKIDTAYVVAQDRESNIIGCARLLPTTQPYLLGEIFPQLMNGMPIPCSPEIWELSRFSAVDFSNPPTSANQAVSSPVSIAILQEAINFARKQGAKQLITTSPLGVERLLRAAGFRAHRAGPPMIIDGYAMFACLIEV,AHLs synthases,24025605,Sigmol
Burkholderia plantarii,PlaI,Q3MQ50,MQTFVHEAGRLPAHIAAELGSYRYRVFVEQLGWQLPSEDEKFERDQYDRDDTVYVLGRDANGEICGCARLLPTTRPYLLQEVFPHLLADEHPAPRSAHVWELSRFAATPEEGADAGSLAWSVRPMLAAAVECAARRGARQLIGVTFCSIERLFRRIGVHAHRAGAPVSIDGRMVVACWIDIDAQTLAALDLDPALCASQPEAA,AHLs synthases,16684109,Sigmol
Aeromonas veronii,AcuI,A1L0D1,MLVFKGKLRDHPRNAVENELYQFRNRVFSDRLGWDVESYHGLERDRFDTPDTHWVLVEDEQGVCACIRLLSCASAYMLPSIFPTALAGENAPRTPEIWELTRLAIDATRAPCMTNGVSELTCVLLREAYAFATANGIKEFVGVASLPAERIFRRLGIPMARLGHRQAVDLGAVKGVGQRFYLDERFALAVSQPLIGHYQTATYRSHELAAQI,AHLs synthases,22666003,Sigmol
Nitrobacter winogradskyi,NwiI,A0A0S1LGH7,MIHIVTAENIGSYQYEMEQAYRLRHNVFVDEMGWDDLRKPDGREIDQFDDGRALHMLYIEEDRVLGYQRMLPSMRPHLLTEVLPHLCEGDFPVGPHIWEWTRYCVTRQHRDRGRILSPVGNLLLSAIVEWGLASGVQKIIIEMNPLWLLRLVQLNFRVTPLGLPQQIGKDSIIAVTAAFDRRTLKKLQEVRGNIVPAIVAQPEADQRLRA,AHLs synthases,26092466,Sigmol
Acinetobacter nosocomialis,AnoI,A0A0A7XNA3,MNIIAGFQNNFSEGLYSKFKSYRYKVFVEHLGWELNCPHNEELDQFDKVDTAYVVAQDRDSNIIGCARLLPTTQPYLLGEIFPQLLNGIPLPCSPEIWELSRFSAVDFSNPPTTASQAVSSPVSIAILQEAINFARAQGAKQLITTSPLGVERLLRAAGFRAHRAGPPMTIDGYSMFACLIDV,AHLs synthases,25975610,Sigmol
Methanosaeta harundinacea/Streptomyces filipinensis,FilI,E5KK10,MTLRRSILAFTGGMILVLALICSTFMCHMMMGTLSDLEEAYVHQKVDGTLFYLQEDLSSLKRAAEDWGHWNDTRDFVIGENDQYIQDNLNSWTLSGLDVDFMIYYDRSGNLFYSRAFNHATGEEVPAPGRLLSLAKDDPLIAHSSPEDGLTGIVSDPEGLLLVSSTTILDSHWKGPISGTFIVGRRLDGARAEGLARLSGIDLRMAATAPVGESEGTNSKTSLLIVKEDSDTLIATKTIDDVYGNPTVLLEAQVPREIRSRGLETIRRQVVGIFLASLLFGGLILLFLELSILMPLATITSSVEAIREQEKGQGSRIPTVGPAELATLAESINEMLDHLESYNQKLAMSEKRFRTIVDTAHDCIFIKDPKSRYVLVNPVMERIFQLPASKMLGERDEVFFSAETAARIREKDAGVLSGEPFVGEVSAHTRAGSSMTFHAVKVPLRDDRGQVTGICGIARDITDIKEAGVELLKRDRLLSASAAASYSLLVNYDIDQIIIDVLQLLGEAVEADRAYIFENQTVDGEVLMSQRYEWTKGEVEPQINNPVLQSLPYHPDSSTFYEIISRGRPYVGLVKDLPESERAYLAPQGIVSILIVPIFVEDRLWGFIGFDDCHRERFWSNGEISVLQVAAGSIGGAFIRSRTRADLVRAKGELQERIGEVEAKNAEMERFVYTVSHDLRSPLVTIQGFVGFLREDLSALDGDKIKIDLAMIEEAVLKMDHLLKDTLSLSRVGRVVNPPEEGSFGEIVHEALSQASGELRSRGIKVSLAEGWPRVRVDRLRVQEALTNLLDNSIKYMGDRPHPEIEVGWRPEGEETVFFVRDNGIGMDPDQWEKVFGLFYKIDPDSEGSGVGLAIVRRIIEVHGGRIWIESEEGRGTCVLFTLPTP,AHLs synthases,22237544,Sigmol
Salmonella typhimurium,LuxS,Q9L4T0,MPLLDSFTVDHTRMAAPAVRVAKTMKTPHGDTITVFDLRFCRPNLEVMPERGIHTLEHLFAGFMRDHLNGQGVEIIDISPMGCRTGFYMSLIGVPEEQRVADAWKAAMADVLKVTDQRKIPELNEYQCGTYHMHSLEEAQEIAKHILDNGVVVNHNDELALPKEKLQELHI,AI-2 synthases,15350213,Sigmol
Vibrio harveyi,LuxP,P54300,MKKALLFSLISMVGFSPASQATQVLNGYWGYQEFLDEFPEQRNLTNALSEAVRAQPVPLSKPTQRPIKISVVYPGQQVSDYWVRNIASFEKRLYKLNINYQLNQVFTRPNADIKQQSLSLMEALKSKSDYLIFTLDTTRHRKFVEHVLDSTNTKLILQNITTPVREWDKHQPFLYVGFDHAEGSRELATEFGKFFPKHTYYSVLYFSEGYISDVRGDTFIHQVNRDNNFELQSAYYTKATKQSGYDAAKASLAKHPDVDFIYACSTDVALGAVDALAELGREDIMINGWGGGSAELDAIQKGDLDITVMRMNDDTGIAMAEAIKWDLEDKPVPTVYSGDFEIVTKADSPERIEALKKRAFRYSDN,AI-2 receptor/TCS receptor,23766010,Sigmol
Salmonella typhimurium,LsrB,Q8ZKQ1,GSAERIAFIPKLVGVGFFTSGGNGAQEAGKALGIDVTYDGPTEPSVSGQVQLVNNFVNQGYDAIIVSAVSPDGLCPALKRAMQRGVKILTWDSDTKPECRSYYINQGTPKQLGSMLVEMAAHQVDKEKAKVAFFYSSPTVTDQNQWVKEAKAKISQEHPGWEIVTTQFGYNDATKSLQTAEGIIKAYPDLDAIIAPDANALPAAAQAAENLKRNNLAIVGFSTPNVMRPYVQRGTVKEFGLWDVVQQGKISVYVANALLKNMPMNVGDSLDIPGIGKVTVSPNSEQGYHYEAKGNGIVLLPERVIFNKDNIDKYDF,AI-2 receptor/TCS receptor,15350213,Sigmol
Escherichia coli (strain K12),LsrB,P76142,MTLHRFKKIALLSALGIAAISMNVQAAERIAFIPKLVGVGFFTSGGNGAQQAGKELGVDVTYDGPTEPSVSGQVQLINNFVNQGYNAIIVSAVSPDGLCPALKRAMQRGVRVLTWDSDTKPECRSYYINQGTPAQLGGMLVDMAARQVNKDKAKVAFFYSSPTVTDQNQWVKEAKAKIAKEHPGWEIVTTQFGYNDATKSLQTAEGILKAYSDLDAIIAPDANALPAAAQAAENLKNDKVAIVGFSTPNVMRPYVERGTVKEFGLWDVVQQGKISVYVADALLKKGSMKTGDKLDIKGVGQVEVSPNSVQGYDYEADGNGIVLLPERVIFNKENIGKYDF,AI-2 receptor/TCS receptor,11489873,Sigmol
Helicobacter pylori,TlpB,B6JPK4,MEKVKSSYLPYTIRILISFLFIISAIAKMYPSPYFAISTFEVKQLYPLGFSEIIAPWFSRILIGIELALGILILQNNFLRKLIIPITILLLAVFVGHLSYVTFLSGGNTGNCGCFGELIPMTPIQAIIKNIIAIFLLVYLFFLLSKTNDKNNFYVVIGITLATIISLFLLAPIKKNTNDFTISPIENTLIDSTKNEIIAPILKDSVITTVKVDSVKKAIPTKIEEVISTTEPTKHKSGYAKLFPKIDTGRKTLCFFVPGCDHCRKAAKELTELKQKNANFPEILIIFMNEEVDLIPDFFKETGAEYPYKIIEIIPFWNALGTGKDTPGVKYIWNGNTYKYYNGITDNKFNPIDYQALINKPFSELKK,TCS receptor,21602215,Sigmol
Aggregatibacter actinomycetemcomitans ,RbsB,A0A5D0EM90,MKKLTTLATALLLSFSTSALAQDTIALTVSTLDNPFFVSLKEGAQKKADELGYKLVVLDSQNDPAKELANVEDLLVRGAKVLLINPTDSEAVSNAVAIANRNKIPVITLDRGAAKGEVVSHIASDNIVGGKMAGDFIAQKLGANAKVIQLEGLAGTSAARERGEGFKQAVAEHKFDVLASQPADFDRTKGLNVMENLLATKGTVQAVFAQNDEMALGALRALSAANKKVLVVGFDGTDDGMKAVKSGKMAATIAQQPALIGELGVVTADKLLKGEKVEAKIPVDLKVISE,TCS receptor,16790775,Sigmol
Photorhabdus asymbiotica,DarB,B6VL76,MSNNVYITKVSAFMPGNPIDNDTMESVLGFVNNKPSRSRHIVLRNNGIKYRHYALDPETGEATYSSAQLAAEAVKGLVDEHFSLDDMQSLAAGSAIPDQIIPGHAVMVHGELKNEPCEIVSTSGSCLVGMTAMKYAYLSVLSGTTSNAVAAASEISSSVLHARNFQNESETRVAELELRPEIAFEKDFLRWMLSDGAGAVLLENKPRADGISLRIDWIDTYSFANELDTCMYAGAEKLADGSLKGWAQMNPADWLAYSVFCIKQDVRHLNERVVKYTLSEPLRRSVEKRNLSADSIDWFLPHISSEYFRMKMSAGLDDINFSIDQDRWFTNLTTKGNTGSVSIYIMLDELINSGKLKKDQRLLCYIPESARFSGAFMHLTVV,Dialkylresorcinols synthases,25550519,Sigmol
Stenotrophomonas maltophilia,RpfF,Q19VG8,MSAVRPIITRPSQHPTLRITEEPERDVYWIHMHANLVNQPGRPCFASRLVDDIVDYQRELGDRLSASHALSPHVVLASDSDVFNLGGDLELFCRLIREGDRARLLDYAQRCVRGVHAFHAGLGTRAHSIALVQGNALGGGFEAALSCHTIVAEEGVLMGLPEVLFDLFPGMGAYSFLCQRISPRLAEKIMLEGNLYTASQLKEMGLVDIVVPVGEGVAAVEQVIKESRRIPHAWAAMREVNEIATMVPLHEMMRITEIWVDTAMQLGEKSLRTMDRLVRAQARRNGDPA,DSFs synthases,23874407,Sigmol
Burkholderia cenocepacia,RpfR,A2W0S6,MQLQSHPACRPFYEAGELSQLTAFYEEGRNVMWMMLRSEPRPCFNQQLVTDIIHLARVARDSGLKFDFWVTGSLVPELFNVGGDLSFFVDAIRSGRRDQLMAYARSCIDGVYEIYTGFGTGAISIAMVEGSALGGGFEAALAHHYVLAQKGVKLGFPEIAFNLFPGMGGYSLVARKANRGLAESLIATGEAHAAEWYEDQGLIDETFDAGDAYLATRTFIDVTKPKLNGIRAMLRARERVFQLSRSELMDITEAWVHAAFTIEPKDLAYMERLVMLQNRRVSKLRTV,DSFs-binding receptor,23815566,Sigmol
Pseudomonas aeruginosa,PqsH,Q02N79,MTVLIQGAGIAGLALAREFTKAGIDWLLVERASEIRPIGTGITLASNALTALSSTLDLDRLFRRGMPLAGINVYAHDGSMLMSMPSSLGGSSRGGLALQRHELHAALLEGLDESRIRVGVSIVQILDGLDHERVTLSDGTVHDCSLVVGADGIRSSVRRYVWPEATLRHSGETCWRLVVPHRLEDAELAGEVWGHGKRLGFIQISPREMYVYATLKVRREEPEDEEGFVTPQRLAAHYADFDGIGASIARLIPSATTLVHNDLEELAGASWCRGRVVLIGDAAHAMTPNLGQGAAMALEDAFLLARLWCLAPRAETLILFQQQREARIEFIRKQSWIVGRLGQWESPWSVWLRNTLVRLVPNASRRRLHQRLFTGVGEMAAQ,HAQs synthases,23727863,Sigmol
Burkholderia ambifaria,HmqF,,MTTTNLPKTINELLRVRAATRGEKVAYLFLSGQPDDEQRQSITFAELDRTARRVALLLQRQSVGVGERVLLLCRPGLDYIAGFLGCLYAGAVAVPAYPPRNRQHASRVVGIVESAGAKAILSTGDDFARCTKLLEDTAASHVALLDLDAAKPLDATLEPADVAPSHVAFLQYTSGTTGKPKGVMVTHGNLIHNLALIGQWMGYHEESTMVSWLPPYHDMGLIGGILTSLFGGFRCVLMAPERFIQHPFLWLRAISDYRADVTGAPDFAYRMCSRRVPDEQLATLDLSCLKTAYSGAESVRYGTLAEFAQRFARTGFDSERFKPCYGLAECTLLVAGRSAPRPLRTVCVDQAALQQQKVVIRRAFEGLAPQLDERDGERVLVSVGVTIGEQRVVVRDLNTNERCADGEIGEICVAGPSVAPGYWQQYEQTLATFQRGIGGETGQAFAGTGDLGFHHRGDLYVTGRLKDMIIIAGRNYYSEDIEYAVIGSRPELVPNGCAAFTVDAGDEERLVVVAEIERTHRKGDLDALLKGIREAIWLRHDLSPGAVLLVSPGSVPKTSSGKVRRGECRKRLGDGELTVLARWDADDCIAAATRGDAAANAPSNVPSNVPSSAPASAAAPAASPNAAKVEQLKDWLRHYARTRIDSRTIDERRTIPPHIVLDFGNEGLLGMQIDRAYGGLGLTNHEMLQVVSQLATIDSTLAFFVGLNNTLGIRPIMLHAQPALRDELLPLLATGRTLAAFALTEPDAGSNARAIASVAQRADGGHWVVSGRKSWSGSSAWAGVINVFAKQADGAGMVGLALRQGTPGLRIGAEDLTMGVRGMIQNTLHLERARVSDACRLGAPGQGMAVAQQTMNFARLGIGAVCVGAMKRCAQLMHRYAARRRIGTGLLLDHPLSRQRLGDLRHRIDALSALIEQLAADFDAGRDAPEDGLLIAKILGSECLSQTSDELMQMLGGRGYIETNVAPQLFRDARLPRIFEGPTETLLAHLGSRLLNGGDDLLGYLGERSGALALAAELRGLGEQLLEDGLANADALGGAAHAANWVNYWLGSVAQWALLLAVVEQAAKRRGVDGATLEWAQSQYELALEAAQRQVGRRRVLASAAQLGEWAQRVEREIGPIEQTVPGATQRIDPLLRAECDVRSQPSDIGALDDDEPPAAGVPPAPVPSPASAEQADPELKREVERWLLTWLGARLRNRRIALTAETTFADIGLDSILAVELTMAFGDAFRTTVDASAVWDYASIDALATHLAARMDRHAPAQADAASSAPSASSSL,HAQs synthases,18539738,Sigmol
Pseudomonas aeruginosa,PqsR (MvfR),A0A0H2Z7A6,MPIHNLNHVNMFLQVIASGSISSAARILRKSHTAVSSAVSNLEIDLCVELVRRDGYKVEPTEQALRLIPYMRSLLNYQQLIGDIAFNLNKGPRNLRVLLDTAIPPSFCDTVSSVLLDDFNMVSLIRTSPADSLATIKQDNAEIDIAITIDEELKISRFNQCVLGYTKAFVVAHPQHPLCNASLHSIASLANYRQISLGSRSGQHSNLLRPVSDKVLFVENFDDMLRLVEAGVGWGIAPHYFVEERLRNGTLAVLSELYEPGGIDTKVYCYYNTALESERSFLRFLESARQRLRELGRQRFDDAPAWQPSIVETVQRRSGPKALAYRQRAAPE,HAQs receptor/LuxR-type receptor,23727863,Sigmol
Burkholderia ambifaria,HmqG,,MQSLCELATSAGALGAQLENYLRSHADDSCKLLGVPLGMPLRVEIVDAGAPIETRRDERGATLRIGADDAQRVMAYTRSCNWANGIVLVPTLTRLVLAGAFDGLKAGEPRAMRAFAATRKADPTRNLGLLWGALNLLGLAGWVTLGSGDEHADYALTPAGARVVECVNAQRPLFTRLADATAMLQHLHALCHRRRENADESARYAALVRICIDGWPLPAARDDLERHADAQLRTAMDGLLLGPTWVALDMPVFEKHGAQQGKVAASFFEVFDAHREGVAIGDAWPHADRVALDAAWALLRHAGVADSEAGGARVRLNETGRIHRPIAAPYAGLAASYLRSYALLDELLFGNPDPLDVDRDGHIDRVMNVYASSGAGSGPASKEITTKIIRRLFDETPLDQQPAGISDMGCGDGSALRRLAQYVIESTRRGRHLADHPLIVIGADYNESARSRAADTLAALSDVPGVHVRVIDADISRPDRYDEAVAASGLTVKGSDGGPRAARLSDLLHTFMFLVHNRRLGVRSGEAADAILERHLRQVDRAHLRGVVERYYPGQLTVSDDAALPVALDTIKRAFRVAYSDAEGLVPGYVAAADLIDFVARWKPHAKHGFLVVEGHSPWAASLLDDAVAEPGRWTRTEQLPSVFNWGMHFLSRQFMAPFDEFMLAMCIAGLSPRDAIHGRIHPEGFPGPDLLDAYRFFSIADYVAYDAAHA,HAQs receptor/LuxR-type receptor,18539738,Sigmol
Escherichia coli,TnaA,P0A853,MENFKHLPEPFRIRVIEPVKRTTRAYREEAIIKSGMNPFLLDSEDVFIDLLTDSGTGAVTQSMQAAMMRGDEAYSGSRSYYALAESVKNIFGYQYTIPTHQGRGAEQIYIPVLIKKREQEKGLDRSKMVAFSNYFFDTTQGHSQINGCTVRNVYIKEAFDTGVRYDFKGNFDLEGLERGIEEVGPNNVPYIVATITSNSAGGQPVSLANLKAMYSIAKKYDIPVVMDSARFAENAYFIKQREAEYKDWTIEQITRETYKYADMLAMSAKKDAMVPMGGLLCMKDDSFFDVYTECRTLCVVQEGFPTYGGLEGGAMERLAVGLYDGMNLDWLAYRIAQVQYLVDGLEEIGVVCQQAGGHAAFVDAGKLLPHIPADQFPAQALACELYKVAGIRAVEIGSFLLGRDPKTGKQLPCPAELLRLTIPRATYTQTHMDFIIEAFKHVKENAANIKGLTFTYEPKVLRHFTAKLKEV,Indole synthases,23397453,Sigmol
Vibrio vulnificus,SmcR,Q9L8G8,AMDSIAKRPRTRLSPLKRKQQLMEIALEVFARRGIGRGGHADIAEIAQVSVATVFNYFPTREDLVDEVLNHVVRQFSNFLSDNIDLDLHAKENIANITNAMIELVVQDNHWLKVWFEWSASTRDEVWPLFVTTNRTNQLLVQNMFIKAIERGEVCDQHNPEDLANLFHGICYSLFVQANRTNNTAELSKLVSSYLDMLCIYKREHE,LuxR-type receptor,27141809,Sigmol
Pseudomonas aeruginosa,LasR,P25084,MVKWRNTRLPKLEGESEITSVFEMVVNHTYELGFQHCSFTMSSQAPSNQTDPIHLDNHPSEWRNIYKRAHFFEIDPVVSHCKNSVLPIVWDPKTFSSTPQLWELAQSFGVHLGWSQAVHDFQGVFSMLTLTRGKGEVSPEELYEKAGQVLWLCHAMHAVVAKKYADKAHINTPSKLTARETEVLKWSAMGKTASEIAAILCLSERTVGFHISSTFKKLGVHNKIQAVLSASKAGLF,LuxR-type receptor,25320416,Sigmol
Agrobacterium tumefaciens,TraR,P33905,MQHWLDKLTDLAAIEGDECILKTGLADIADHFGFTGYAYLHIQHRHITAVTNYHRQWQSTYFDKKFEALDPVVKRARSRKHIFTWSGEHERPTLSKDERAFYDHASDFGIRSGITIPIKTANGFMSMFTMASDKPVIDLDREIDAVAAAATIGQIHARISFLRTTPTAEDAAWLDPKEATYLRWIAVGKTMEEIADVEGVKYNSVRVKLREAMKRFDVRSKAHLTALAIRRKLI,LuxR-type receptor,18203831,Sigmol
Chromobacterium violaceum,CviR,D3W065,MVISKPINARPLPAGLTASQQWTLLEWIHMAGHIETENELKAFLDQVLSQAPSERLLLALGRLNNQNQIQRLERVLNVSYPSDWLDQYMKENYAQHDPILRIHLGQGPVMWEERFNRAKGAEEKRFIAEATQNGMGSGITFSAASERNNIGSILSIAGREPGNMPLSQREYDIFHWMSRGKTNWEIATILDISERTVKFHVANVIRKLNANNRTHAIVLGMHLAMPPSTVANE,LuxR-type receptor,9421896,Sigmol
Escherichia coli,SdiA,P07026,MQDTDFFSWRRTMLLRFQRMETAEEVYHEIELQAQQLEYDYYSLCVRHPVPFTRPKVAFYTNYPEAWVSYYQAKNFLAIDPVLNPENFSQGHLMWNDDLFNEAQPLWEAARAHGLRRGVTQYLMLPNRALGFLSFSRCSAREIPILSDELQLKMQLLVRESLMALMRLNDEIVMTPEMNFSKREKEILRWTAEGKTSAEIAMILSISENTVNFHQKNMQKKINAPNKTQVACYAAATGLIHHHHHH,LuxR-type receptor,18560382,Sigmol
Aliivibrio fischeri (Vibrio fischeri),LuxR,P12746,MKNINADDTYRIINKIKACRSNNDINQCLSDMTKMVHCEYYLLAIIYPHSMVKSDISILDNYPKKWRQYYDDANLIKYDPIVDYSNSNHSPINWNIFENNAVNKKSPNVIKEAKTSGLITGFSFPIHTANNGFGMLSFAHSEKDNYIDSLFLHACMNIPLIVPSLVDNYRKINIANNKSNNDLTKREKECLAWACEGKSSWDISKILGCSERTVTFHLTNAQMKLNTTNRCQSISKAILTGAIDCPYFKN,LuxR-type receptor,7236614,Sigmol
Vibrio harveyi,LuxN,A7MRY4,MFDFSLEAIVYAKAISLLATVAVVMMWLFYYCYRLKQKNEVIFGTHHAAYIAYSVCIIAWISSNAYFHTDLLPELGASAGMFMAKFANLASFFAFAFAYYFSCQLAAEQRKGKVHRWQQGIFVSLTVYSLFINLRPGLTVEHVDIVGPSQFIIEFGPHTSYFFIGLVSFVVLTLVNLVAMRTNSSKLTLAKTNYMIAGILVFMLSTAVIHLGMTYFMGDFSLTWLPPALSISEMLFVGYALLTSRFYSVKYIAYLALSVLLVCAIFVLPLGAIFIPLTESNQWLIAIPICALIGITWQLLYKKTSRYASFLIYGDKKTPVQQILSLEEDFKLSIDDAMRRLGKLLQIPNDKLRLVTSNYNETFYEEYLSSNRSVLVFDELSEELEYKVSAKRSMKALYDKMSSNNTALVMPLFGQGKSVTHLLISPHKSNNQMFSNEEISAVQTLLTRVQSTIEADRRIRQSRALANSIAHEMRNPLAQVQLQFEALKQHIENHAPVEQITLDIENGQAAIQRGRQLIDIILREVSDSSPEHEPIAMTSIHKAVDQAVSHYGFENEKIIERIRLPQHTDFVAKLNETLFNFVIFNLIRNAIYYFDSYPDSQIEISTKTGPYENTLIFRDTGPGIDETISHKIFDDFFSYQKSGGSGLGLGYCQRVMRSFGGRIECKSKLGTFTEFHLYFPVVPNAPKADTLRTPYFNDWKQNKRSNEHKVAPNVQINNQSPTVLIVDDKEVQRALVQMYLNQLGVNSLQANNGENAVEVFKANHVDLILMDVQMPVMNGFDASQRIKELSPQTPIVALSGESGERELDMINKLMDGRLEKPTTLNALRHVLGNWLNKNTASSACEAERE,LuxR-type receptor,23766010,Sigmol
Erwinia stewartii,EsaR,P54293,MFSFFLENQTITDTLQTYIQRKLSPLGSPDYAYTVVSKKNPSNVLIISSYPDEWIRLYRANNFQLTDPVILTAFKRTSPFAWDENITLMSDLRFTKIFSLSKQYNIVNGFTYVLHDHMNNLALLSVIIKGNDQTALEQRLAAEQGTMQMLLIDFNEQMYRLAGTEGERAPALNQSADKTIFSSRENEVLYWASMGKTYAEIAAITGISVSTVKFHIKNVVVKLGVSNARQAIRLGVELDLIRPAASAAR,LuxR-type receptor,19843225,Sigmol
Pseudomonas chlororaphis,PhzR (QscR),Q9RMS5,MELGQQLGWDAYFYSIFARTMDMQEFTAVALRALRELRFDFFRYGMCSVTPFMRPRTYMYGNYPEDWVQRYQAANYAVIDPTVKHSKVSSSPILASNELFRGCPDLWSEANDSNLRHGLAQPSFNTQGRVGVLSLARKDNPISLQEFEALKVVTKAFAAAVHEKISELESDVRVFNTDVEFSGRECDVLRWTADGKTSEEIGVIMGVCTDTVNYHHRNIQRKIGASNRVQASRYAVAMGYI,LuxR-type receptor,23727350,Sigmol
Brucella melitensis,VjbR,Q8YAY5,MSLDLVHFPNYKKTFFGSSFQSDTLALLTRIRDEIGCRYVTHTYRGRVGDCTKVNSADLTVLMTLPATWVARYSSKNYFAIDPVFQEDAPYYRNDTSAIARDLKEDADICPAVAELLHDAEKHGLGNLFIAVSARNPKGVAGCTVFTFEVEDEDRTQFLARMRPRLLSLAGIIHGTVCGCKDANSVASLLTPREVDCLRWAANGKTDGEIAEILSIARWTVVTYLQNAKIKLNCSNRTSAVATALSLGIIDMPEVQHLV,LuxR-type receptor,17557825,Sigmol
Yersinia enterocolitica,YenR,A1JMX7,MIIDYFDNESINEDIKNYIQRRIKAYGDLRYSYLVMNKKTPLHPTIISNYPLDWVKKYKKNSYHLIDPVILTAKDKVAPFAWDDNSVINKKSTDSAVFKLAREYNIVNGYTFVLHDNSNNMATLNISNGSDDSISFDESIEINKEKIQMLLILTHEKMLGLYQSNSDKNENRNPKIERD,LuxR-type receptor,16452428,Sigmol
Aliivibrio fischeri (Vibrio fischeri),AinR,Q5E615,MLTTLPKVYLLLTTSAIILLWVGYFIRSLYRERTKVNPYIYSSYIFYAFFIILWILSNAYFQSPLLTYFDESVAIFMALFANMTSYLAFAFAFLFSCRLASKHSDKRLSKWQFGLTSITTLVALIVNVIPNLTVIGVTIQAPSVFTIEFGPFAPLFFLNAFLFVILTSINFFKLRKSNIKLNKEKSVYLMIGIFIYMISTIASQIIIPVIWADFSYTWLPPTLSVTEALLIGYTLLYHRLYSFKYLLFWSLSYSINLILYITPIVIIYSSSSNPNLFYVYALSIIITGLFWDKTLKKSKKIASIIIYKDQQTPVEKIYKIAEEFKYSSSNAIIKLASILNTPKEELLLIGKNTNYNIFIPHLNESHSALVKDELDYQIHYALETGNSALHQVQEKMDQSKTALILPIFGENKLISHFLISANKHDNATFSNEEISAIQWVLTKVQGYIESEQKVRQSQALANSIAHEMRNPLSQLQYHFEKIKHHYQKNTEHEKQEDLIKNELNQGCLAIQKGAQLIDIILSEAKNTTISDALFQHYSISLLTQQIIDEYVFDSEEMKQKITLNLEDDFIVNINDTLYGFILFNLLRNATHYFDEYKSSISIRLVRGFATNKLIFRDTGPGIDSHILPNIFDDFFTHNKKGGSGLGLSYCLRVMHAFEGNIVCYSTKGEFTEFVLSFPRIEGNINALNTKPSSPPLIKDKDNSLKTVLIVDDKKVQRMLIHTFINKDNLTLLQAENGEEAVEMATNNKIDLIFMDSRMPIMNGIDAAKKIKILYPHLPIIALTGESSHEEISAITQVMDGYLTKPVSKTQLLQVVDKWL,LuxR-type receptor,8002580,Sigmol
Aeromonas hydrophila,AhyR,P0A3J5,MKQDQLLEYLEHFTSVTDGDRLAELIGRFTLGMGYDYYRFALIIPMSMQRPKVVLFNQCPDSWVQAYTANHMLACDPIIQLARKQTLPIYWNRLDERARFLQEGSLDVMGLAAEFGLRNGISFPLHGAAGENGILSFITAERASSDLLLESSPILSWMSNYIFEAAIRIVRVSLREDDPQEALTDRETECLFWASEGKTSGEIACILGITERTVNYHLNQVTRKTGSMNRYQAIAKGVSSGILLPNLEQVVVTNFPKLMQ,LuxR-type receptor,26130267,Sigmol
Burkholderia ambifaria,BafR,Q9AER1,MELRWQDAYQQFSAAEDEQQLFQRIAAYSKRLGFEYCCYGIRVPLPVSKPAVAIFNTYPDGWMARYQAQNYIEIDSTVRDGAMSTNMIVWPDVDRIDPCPLWQDARDYGLSVGVAQSSWAARGAFGLLSIARHADRLTPAEINMLTLQTNWLANLSHSLMSRFMLPKLSPESSVTLTAREREVLRWTAEGKTACEIGQILSISERTVNFHVNNILEKLGATNKVQAVVKAIGAGLIDTP,LuxR-type receptor,14570265,Sigmol
Erwinia carotovora,CarR,Q46751,MDHEIHSFIKRKLKGVGDVWFSYFMMSKNSTSQPYIISNYPEAWMKEYIKKEMFLSDPIIVASLARITPFSWDDNDIVTLRAKNQDVFISSVQHDISSGYTFVLHDHDNNVATLSIANHLEDANFEKCMKNHENDLQMLLVNVHEKVMAYQRAINDQDNPPDNSRNALLSPRETEVLFLVSSGRTYKEVSRILGISEVTVKFHINNSVRKLDVINSRHAITKALELNLFHSPCEPVVMKHMDAR,LuxR-type receptor,1335238,Sigmol
Burkholderia sp,CepR,Q9AM51,MELRWQDAYHQFSAAENEQQLFQRIAAYSKRLGFEYCCYGIRVPLPVSKSAVAIFDTYPDGWMAHYQAQDYIKIDSTVRDGALTTNMIVWPDVDEVAPCPLWEDAREAGLSVGIAQSSWAARGAFGLLSIARHADRLTPAEIDMLTLQTHWLANLSHSLMSGFMVPKLAPAASVVLTAREREVLCWTAEGKTACEIGQILGIAERTVTFHVNNVLVKLGATNKVQAVVKAVSAGLIDMF,LuxR-type receptor,24084115,Sigmol
Rhizobium leguminosarum,CinR,Q9KJ71,MIRTLIVDDDSLVRLALADILDDVPGIEVVAQAGDGLEAVQRAGALRVDVALMDVRMPRMDGIAATERLRALPSPPEVVMLTTFDLDQYVYDALAAGASGFLLKDTDPAEIIRAIQVVAAGQAMLHPAAARRLVDRYHRTASRDVQAAQQRLARLTPRESDVLGLLAAGASNAEIADGLGMRESTVKAHVSRILAALEVGNRVQAALCARDAGLTV,LuxR-type receptor,10931307,Sigmol
Rhizobium etli,RaiR,O54452,MSPSHAEQFSFFLLSGPDLRIADIAGSGNDAGRSRPHLCDIAYGSPCDLAGATDSNPLLMLTYPPEWVKQYRDRDYFSIDPVVRLGRRGFLPVEWSASGWDSGRAYGFFKEAMAFGVGRQGVTLPVRGPQGERSLFTVTSNHPDAYWRQFRMDSMRDLQFLAHHLHDRAMVLSGMRKVADLPRLSRRELQCLEMTANGLLAKQICARLSISVSAVQLYLASARRKLTVATTSEQLLGPRRSN,LuxR-type receptor,19270098,Sigmol
Hafnia alvei,HalR,Q83ZG6,MKPENERNRGLETDAYRDVQSLAGTRDRLRILQVLSESPHAQSELEERVDVHRTTLRRNLRELQQRDWITERSGKVYELTPGGEIVLSSFADLLRDVESAAKLGSFLSKIPREFPVDVDVLSSGEIAVNGFDVPFAAVNEFTSFIERADRLRLCVPAINPKYTSVLAQRESATNIEILGPEKCFETVVQTETGEFEALQRSETVRMIGIDEYPSYGICIGENRCMIVAYNDESGIHGVLAFDDSVSDIGRWAKERYASFKRPENRTETY,LuxR-type receptor,24736131,Sigmol
Nitrosospira multiformis,NmuR,V5QZ25,MDNLTLFESLLNCDSVEELHSATTTIARAMGFEHFLYGVQVNTSLTRPYRFILSCYPEEWRKHYDKEGYANFDPTVSHCARTSIPIIWKKEIFKGRRETRVRNEAKDCGLVSGASFSVHGGRGEAAMLSLATSRESREAQNDILATMAKAQLLTCYLHEAVQRIVLSKGPLPVKKANLTEREQECLLWAAEGKTGWEIANIVKISERTVTFHLQNAIQKLGVVNRQQAISRALSMGLIEPRTIR,LuxR-type receptor,24271173,Sigmol
Pseudomonas putida,PpuR,Q3Y8H6,MTLLVMDELLRLSEMERFEDWLAHLKILTRKLGYSNFLIGLKPAPTDANQQVLIYSDYPDAWRTRYDAESYAAVDPVVQHCLNANRPLLWDRDNYRRPSESEFFEEAAAHGLQQGLALPLHGPRGEAGMLCLKPFESGPRATATMIESLPMATLLRDYAMEGMLKARIECSTPVHLTSREKEVLQWSAAGKTTWEISMILSCTTSAIDFHFKNIRRKFQVSSRQMAVLKAIQQKSITP,LuxR-type receptor,15345437,Sigmol
Rhizobium leguminosarum,RhiR,Q03316,MKEESSAVSNLVFDFLSESASAKSKDDVLLLFGKISQYFGFSYFAISGIPSPIERIDSYFVLGNWSVGWFDRYRENNYVHADPIVHLSKTCDHAFVWSEALRDQKLDRQSRRVMDEAREFKLIDGFSVPLHTAAGFQSIVSFGAEKVELSTCDRSALYLMAAYAHSLLRAQIGNDASRKIQALPMITTREREIIHWCAAGKTAIEIATILGRSHRTIQNVILNIQRKLNVVNTPQMIAESFRLRIIR,LuxR-type receptor,10931307,Sigmol
Sinorhizobium meliloti,SinR,Q92PD1,MANQQAVLNLLDIVEYGGCADPERFFALMRRTFNISHLLYLEAESLPDGLRICRLHHTFGAYAAEIYAARGLYRIDPILKLALGGVRPVEWATARRRFPECEPLFEAAEEIGLSTEGVALPLPSPAGRMALLAIGANMSPVEWSAYRRCHLRDFQLAANLFHASMLEHSAMAGALDERDLRLTGRETEVLTWSAAGKSYWEIATILGISERTVRFFMTNARRKLNVVSNTQAVAHAVRHALIPTI,LuxR-type receptor,16291666,Sigmol
Vibrio anguillarum,VanR,P74946,MSDKILIVDDEHEIADLVELYLKNENYTVFKYYTAKEALECIDKSEIDLAILDIMLPGTSGLTICQKIRDKHTYPIIMLTGKDTEVDKITGLTIGADDYITKPFRPLELIARVKAQLRRYKKFSGVKEQNENVIVHSGLVINVNTHECYLNEKQLSLTPTEFSILRILCENKGNVVSSELLFHEIWGDEYFSKSNNTITVHIRHLREKMNDTIDNPKYIKTVWGVGYKIEK,LuxR-type receptor,9139920,Sigmol
Vibrio anguillarum,VanN,Q9FDA2,MLNLNLDPILYPKAITLIAAVAMVLVWLTYYCYRLKQKNEVIFGTHHASYIAYSSCIIAWIGSNAYFHTDWLVELGVNRAIFMAEIANISASLAFVFAYYFSCQLSAEQRKGKVHLWQRLIFITIAAYSVLINLQSNLTVKHVDIVGPSEFVIEFGPHTPYFFNAMLCSVILTLFNLVVMRTNSSKLALAKTNYIIAGILVYMLSTLVIHIGITFFFQDFSLSWLPPALSISEMMFVGYALITSRFYSVKYLAYLCLNTALVCGVLFIPLGAIFIPLTDSNQWLIAIPLCALIGITWNPLYKRLSRYASLLIYGNQQTPVEQILALEDDFKRSIDDAMRRLGQLLYIADDKLQFVNSNYNETVYERYLSSKQTALVFDELFEKLDNKTAAKNSIKALYDKMSSNNTALVMPLFGHSKLVTHLLISPHKINNQMFSNEEIAALQTLLTRIQSIIEADRRVCQSRALANSIAHEMRNPLAQVQLHFEILKQHIDSQAPAQQIKQDIENGQAAIQRGRQLIDIILREVSDSSPEHEPITMTSIHKAVDQAVSQYGFENEKVIERIHLPQQDDFVAKLNETLFNFVIFNLIRNAIYYFDSYPNSQIEITTQIGTYENILIFRDTGPGIDDAISYKIFDDFFSYQKSGGSGLGLGYCQRVMRSFGGRVECKSKLGEFTEFHLYFPMVPNAPQADSLRTPDFKSWQQPKPNTEQRTVDNIQPIDKPFLINNKAPTVLIVDDKEVQRSLVQMYLNQLGVNNLQANNGENAVEIFKANSIDLILMDIQMPVMNGFEASQIIKAHSPQVPIIALSGESGERELEMISKLMDGRLEKPTSLNALQQVISHWLNKDIVPNAHTAKSGTVI,LuxR-type receptor,11371516,Sigmol
Vibrio fluvialis,VfqR,M1JNE9,MQKILRLIQENQQITSYEGLENTLSALNNIIDHEYFLFGLSLQPTLTTNETLITDNYPASWRQQYDEAGFMHVDPIVQYSMTNFLPIQWSHIPRLSGKANEMFEEARINGLKEGFSIPVHGLRGEFGMLSFATSDIRHYELNNEAIQTSQLIIPLLSHNIHNIARCHKDAAPRAELTARETQCLTWAAEGKSAWEIAKIIDTSERTVKFHISNACKKLGATNRYQAITKAILGGYINPYV,LuxR-type receptor,23749976,Sigmol
Yersinia pseudotuberculosis,YpsR,Q669I5,MIINFFDNESINEDIKNYIQRRIKAYGNIRYSYLLMNKKVPLHPAIISNYPLDWVKKYKKNSYHLIDPVILTAKGKVAPFAWDDNSVINIKSTDSAVFNLAREYNIVNGYTFVLHDNNNNMATLNVSSGDDDSIFFDESIEVNKEKIQMLLILFHDKMLGLYNKSHHENNTLNKKENKREIFSPRENEILYWASVGKTYSEIAIILGIKKSTVKFHIGNIVRKLGVLNAKHAIRLGIELQLIKPI,LuxR-type receptor,16967185,Sigmol
Yersinia pseudotuberculosis,YtbR,O85822,MHSVFNRSNEVIETLRDYIDRKLTIYDSPKYTYMVINKKNPGDIFIVTSYPNEWAELYTNNNYQNIDPVVLIAFRRFSPFSWDENITVLSELKLSKIFTLSKKYNIVNGFTFVLHDTMNNLAMLSLIMDDSALNGVESRVLNDRDRLQMLLIETHEKMLTLSQRNMNIQERQGKGMPGKAILSPRENEVLYWASMGKTYQEIAIITNITPRTVKYHIGNVVKKLGVINAKQAIGLGVELEIIKPILA,LuxR-type receptor,16967185,Sigmol
Acidithiobacillus ferrooxidans,AfeR,Q5S751,MDPWKEDLLQTFQSIECERQVLAMASEMARKLEFDYCAYGLRMPLPLVRPKTVLFSNYPAVWQARYQAQEYQAIDPTVRHAMRSPSPVVWSDDLFAPARELWEEARSFGLRAGLAHTCRDAGGMGGMLTLARAGETVTTAEWQAKACHILWLVQAVHLSMIRVIAPKLQPEIAVQLSCREVEVLRWTGEGKTSGEIANILNITERTVNFHISKAMAKLNAVNKTAAVLQAAMLGLLS,LuxR-type receptor,16269739,Sigmol
Bradyrhizobium japonicum,Bjar1,Q89VI3,MSAVDYGREALDFIEGLGVYRKVPDAMNALEAAFGRFGFETIIVTGLPNPDQRFAQMVLAKRWPAGWFNLYTQNNYDRFDPVVRLCRQSVNPFEWSEAPYDAELEPSAAEVMNRAGDFRMSRGFIVPIHGLTGYEAAVSLGGVHLDLNPRSKPALHLMAMYGFDHIRRLLEPTPYPSTRLTPREREVISWASQGKSAWEIGEILHITQRTAEEHLATAARKLGAVNRTHAVALAIRHKIINP,LuxR-type receptor,21949379,Sigmol
Dickeya dadantii (strain 3937) (Erwinia chrysanthemi (strain 3937)),ExpR,Q47188,MSISFSNVDFINSTIQSYLNRKLKSYGDPKYAYLIMNKKKPTDVVIISNYPTEWVDIYRNNNYQHIDPVILTAINKISPFSWDDDLVISSKLKFSRIFNLSKDYDIVNGYTFVLHDPGNNLAALSFMIEEHRSEELEEIIQNNKDKLQMLLISAHEKLTSLYREMSRNRNNSKSQEADLFSQRENEILHWASMGKTYQEIALILGITTSTVKFHIGNVVKKLGVLNAKHAIRLGVEMNLIKPVGPAKARS,LuxR-type receptor,9781877,Sigmol
Pseudomonas aeruginosa,RhlR,P54292,MRNDGGFLLWWDGLRSEMQPIHDSQGVFAVLEKEVRRLGFDYYAYGVRHTIPFTRPKTEVHGTYPKAWLERYQMQNYGAVDPAILNGLRSSEMVVWSDSLFDQSRMLWNEARDWGLCVGATLPIRAPNNLLSVLSVARDQQNISSFEREEIRLRLRCMIELLTQKLTDLEHPMLMSNPVCLSHREREILQWTADGKSSGEIAIILSISESTVNFHHKNIQKKFDAPNKTLAAAYAAALGLI,LuxR-type receptor,25320416,Sigmol
Rhodopseudomonas palustris,RpaR,Q6NCZ5,MIVGEDQLWGRRALEFVDSVERLEAPALISRFESLIASCGFTAYIMAGLPSRNAGLPELTLANGWPRDWFDLYVSENFSAVDPVPRHGATTVHPFVWSDAPYDRDRDPAAHRVMTRAAEFGLVEGYCIPLHYDDGSAAISMAGKDPDLSPAARGAMQLVSIYAHSRLRALSRPKPIRRNRLTPRECEILQWAAQGKTAWEISVILCITERTVKFHLIEAARKLDAANRTAAVAKALTLGLIRL,LuxR-type receptor,24369303,Sigmol
Serratia sp. ATCC 39006,SmaR,Q9L3I8,MSNSFFNNTSINISIKNYLEKNLKVFNNIKYAYAIMNKKNPNDFAIISNRMEWFDFYTKNNLQFIDPVLITASCCFTPFLWDENIMISSGLKMPKIFNMAKNYDVINGYTFVLHDHNHNLVVLSIIMDKSCDDDIEKIIVDKKNDLQMLLLTTHEKLITLYQEINDTHQFNKKNQKEILSKRENEILYWASMGKSYQEIALILGIKLTTVKYHVGNAVKKLGVTNAKHAIRLGVELKLIRPILPDAE,LuxR-type receptor,18424536,Sigmol
Serratia plymuthica,SpsR,B3VBK7,MSNSFFNNEIINTSIKNMLEAKLSEYSNVKYAYAIMNKRNPANFAIISNRTEWFKFYTENNYQFIDPVLITASRRITPFSWDENLMIDPGLKLPRIFDMAKNYNIVNGYTFVPHDHNHNLVVLSIMIDKHCDDNIEGEIAANQDKLQMLLITTHDKTTELYKEINSPNYFDKMNNKEIFSKRENEIIYWASMGKSYQEIALILGIKLTTIKYHIGNAVKKLGVTNAKHAIRLGVELQLIRPVIPDAEG,LuxR-type receptor,17258895,Sigmol
Yersinia pestis,YspR,A0A0H2W7X0,MHSVFNRSNEVIETLRDYIDRKLTIYDSPKYTYMVINKKNPGDIFIVTSYPNEWAELYTNNNYQNIDPVVLIAFRRFSPFSWDENITVLSELKLSKIFTLSKKYNIVNGFTFVLHDTMNNLAMLSLIMDDSALNGVESRVLNDRDRLQMLLIETHEKMLTLSQRNMNIQERQGKGMPGKAILSPRENEVLYWASMGKTYQEIAIITNITPRTVKYHIGNVVKKLGVINAKQAIGLGVELEIIKPILA,LuxR-type receptor,16385067,Sigmol
Aeromonas salmonicida,AsaR,D5L994,MKQDQLLEYLEHFTSVTDGDRLAELIGRFTLGMGYDYYRFALIIPMSMQRPKVVLFNQCPDSWVQAYTANHMLACDPIIQLARKQTLPIYWNRLDERARFLQEGSLDVMGLAAEFGLRNGISFPLHGAAGENGILSFITAERASSDLLLESSPILSWMSNYIFEAAIRIVRVSLREDDPQEALTDRETECLFWASEGKTSGEIACILGITERTVNYHLNQVTRKTGSMNRYQAIAKGVSSGILLPNLEQVVVTNFPKLMQ,LuxR-type receptor,26130267,Sigmol
Pseudomonas chlororaphis,AurR,M1VD11,MDSRLKYSGFIPADESNSNACLNLELEKLLGDLQGASYAYFAAPRNREVAPLIISNYPSRWLKAYKNANYHLIDPIIHHGLKSCAPFSWSDALQAASCDKSRELFRRSSQFRICSGATFTLHDACGMFSSLSLCNSGSQAEFERRMADQQGQLQMALIRFHSRLLSLRAMDELFPEPQTGPLSARELGVLKWVMMGKAYREIALICAISERTVKFHMSNISGKLQVCNAKQAVYEAQRQGIL,LuxR-type receptor,23727350,Sigmol
Burkholderia pseudomallei,BpsR,Q6UBQ1,MELRWQDAYLQFSAAENEQQLFQQIAAYTKRLGFEYCCYGIRVPLPISKPVVAIFDTYPNGWMERYQEMNYLEVDPTVREGALSSNMIVWPEASASDATTLWSDARDHGLAVGVAQSSWASRGVFGLLTIARHTDRLTSAEINHLTLQANWLANMSHSLMSRFLVPKLAPESGVALTHRERKVLCWTGEGKTACEIGQILSISERTVNFHVNNILDKLGATNKVQAVVKAIAMGLIDAP,LuxR-type receptor,21252275,Sigmol
Paraburkholderia kururiensis,BraR,B1VD86,MSPILAASDETQWFDAVAGLAGSWGFSQVLLAILPRPGMRLEDAYVRSNYASSWRQAYTDQGFAYIDPTVSHCTKHSSPLVWSPDLFATTPQKSMYEEASAHGLRAGVTLPIHGPRQEAGMLCFVNDSNPNDKFWQHIDTALPNLVLMRDLVIDTSQRHLSAHAQTLIPKLTPRERECLKWTALGKSTWEISHILNCSEAVVNFHMKNIRAKFGVNSRRAAAVIATQLGLIDPG,LuxR-type receptor,28548604,Sigmol
Pectobacterium betavasculorum,EcbR,O30346,MSPLFTDSEIISKVIKKHFTKNLDHYDGVKFSFMVLNKKNPSQMIIISSYPDEWVDLYKENKYQHIDPVVLASFNKISPFSWEKSLVINTRLQLAKIFDLSKKYNIINGYTFVLHDHGDNLAMLSIIVDSSYPDDVEKFIEEKKDTFQMLLIEAYEEIISLCREMIESKKQLHNKDIFSQRENEILYWASMGKTYLEVAIILGIKTSTVKFHIGNVVKKLGVLNAKHAIRLGVELQLIKPVQ,LuxR-type receptor,9476353,Sigmol
Edwardsiella tarda,EdwR,Q60HM0,MFADNESLTREIKQFIDRSLVAYGHTQFAYLLLNKKNPSDIIIISNYPDEWVTLYKEHHYQHIDPVVISALRRVSPFLWDEKITVNSKLNLSKIFNLSKKYQVSRGYTFVLHDADNQLAMLSLMVDDRGLAEIERSRGVLQMLLIDAHERFMNGQRHITAQHYCSKKEPIENIFSTRENEILYWASMGKTYQEIALILGIKTGTVKFHIGNVVKKLGVLNAKHAIRLGVELQLIKPIEG,LuxR-type receptor,16233705,Sigmol
Gluconacetobacter diazotrophicus,GDI2838,A9HQR0,MTKTVSFDKAFDLIEPLRRSTTASELRAAFVRATKSISDCYIASGRVKGGAPVNAETALVTYPDAWLKHYHERKYLDIDPTIVNAGRSYVPYRWEALQDISVKQRQMFLDIAETGIKGGITMSLHTPDRAAFVTSFAFTKAVSEDRDLVALGFINSQYYETLSKLSEAELPGPVPTFSRREKECLLWVSRGKTTWDISVILGISENTINAYLKNVILKLGCSGRIQAVLRAIDLNLISP,LuxR-type receptor,22350020,Sigmol
Gluconacetobacter intermedius,GinR,B0M190,MVGLTIDLLAKLHDLENAATKHDLLSIYLDAVLSVGNVHVTIVELNRIEDPKENFIHVGYPTEWVNFYIENNYIVSDPIIKKSRFMSHPYFWHEIKNINKAEKKIIRDVSEFGIKKGLTIPVHTHDRVIYAICFAFTDKNIDREIELYLRALSNFFITGYKKLDEPADMSLPILTPREKECLTWTAKGKSSWETGMIVGVSERTVNFHINNALLKLKCTNRIMGVVRAICAGLIE,LuxR-type receptor,18245283,Sigmol
Halomonas anticariensis,HanR,E2G6R3,MELVWYVWDGGNAMIKSRTNPSAVKFLDIDYFDKQKLAMEVRENTGFEFFSLVLRPCIPFTNNYLYIIDNYGCEWEGLYQDKKFWTIDPVLQHKNYVNKSGILWENSLFDKSNELWRSAEDFGLCSGMSFLVSFSDMPVRGVFSISSKDYYYANNQDVKMQRYNVCPLSIKVMDCIKGKVDVGKSVANPVFLSVREADILRYSADGLTSSEISKKLYVTKSTIDFHIKNAIDKLGCKNKVQAVSKALLLDIL,LuxR-type receptor,15909077,Sigmol
Mesorhizobium loti,MrlR1,B0ZTB7,MSQFDRTLEFIDQLQHAATAAAVCERLLGITADFGLTALMAGTVPQPGTPAGQQKQHVLLCDWPGEWLERYVARNYVDHDPVVSHMKQLQAPFQWREASQSIRIDKSSGEVMGDAGAFKLRDGLAFPLVTLDGQIVMVSLGGEAVELSAAEFGQVSLVSTYAVGRAMQLHTMASKSIDHIVLTPRERECLQWAAVGKSEWEISQILGISEHTSEKHLLNAKSKLGAVNRVQAVAEAIRRGYIS,LuxR-type receptor,19295655,Sigmol
Mesorhizobium loti,MrlR2,B0ZTB9,MQLVFETLLEQLSLSVDEVDFHNALANAAGAFDIPAFAYLSLVSDGVTKPRLISNYHSGWTSHYLRHQYERIDPVIERARCSECPFQWGRGFGHAGISKREQQLFDEAAEFGICCGLTIPLVDRRGGVAAMTFAADRLDPSFMRIAEQYEQALEIMATCFHIGVRRKLSGGLAVDGVSLTPREYECLEWTAKGKSAWEIGCILGIKERTAAFHLDNAKKKLGVRTKNQAVTLLASSRSSIL,LuxR-type receptor,19295655,Sigmol
Mesorhizobium tianshanense,MrtR,Q45NF4,MGPGLSFPAYVGMPCIYDSARGRIEGIGAVEMIENTYSEKFESAFEQIKAAANVDAAIRILQAEYGLDFVTYHLAQTIAAKIDSPFVRTTYPDAWVSRYLLNSYVKVDPIVKQGFERQLPFDWSEVEPTPEAYAMLVDAQKHGIGGNGYSIPVADKAQRRALLSLNARIPAEEWAELVRRCRNEWIEIAHLIHRKAVYELHGENDPVPALSPREIECLHWTALGKDYKDISVILGISEHTTRDYLKTARFKLGCATISAAASRAVQLRIINP,LuxR-type receptor,16484206,Sigmol
Rhodospirillum rubrum,Rru_A3395,Q2RNV6,MMSGGDDILGSFLEALNGTSDSADLTTLLTGTFARLGFPHSCYHVVRLEGAGARLPYVLHNYKDSWSEHYFREGFLEIDPVLATCPDRQLPFLWSEAIAPESLSHDQRRMFSDARDAGLHDGYSVPIRGSHGEFATVTVIPEQGGDAARRLIGEQKHLVHLLALYFDRHARSTVINARLSSRRRKTVLSPREQEMLRWAALGKTSWEIAEIAGISTKSVEFHLDNAKKKLGTYSKTHAVVKALTLGLVTMDGLAEPSSRG,LuxR-type receptor,24025602,Sigmol
Ralstonia solanacearum,SolR,P58590,MEPDFQDAYHAFRTAEDEHQLFREIAAIARQLGFDYCCYGARMPLPVSKPAVAIFDTYPAGWMQHYQASGFLDIDPTVRAGASSSDLIVWPVSIRDDAARLWSDARDAGLNIGVARSSWTAHGAFGLLTLARHADPLTAAELGQLSIATHWLANLAHTLMSPFLVPQLVPESNAVLTTREREVLCWTGEGKTAYEIGQILRISERTVNFHVNNVLLKLAATNKVQAVVKAIATGLI,LuxR-type receptor,9371457,Sigmol
Serratia plymuthica,SplR,Q5WRJ7,MFSVFNKNQTITETLRDHIDRKLSSLGSPEYAYTVVRKKNPSDVLIISSYPDEWVDLYRANNFQLTDPVILTAFKRTSPFAWDENITLMSDLKFTKIFSLSKQYNIINGFTFVLHDHMNNLALLSVIIASNGQEELEKRLSSERGAMQMLLIDINEQMYRLAGAASSSNQKYHTDADKPIFTPRENEVLYWASMGKTYGEIAAIAGISVSTVKFHMGNIVVKLGVSNARQAIRLGVELELITPAATAAR,LuxR-type receptor,17258895,Sigmol
Serratia proteamaculans,SprR,Q8KR89,MFSIFNENQTRTETLRGPYRQEVASLGSPAYAYTVVRKKNPSDVLIISSYPDEWVDLYRVNNFQLTDPVILTAFKRTSPFTWDENITLMSDLKFTKIFSLSKRYNIVNGFTFVLHDHMNNLALLSVIIDNNKQGALEERLSSERGTMQMLLIDINEQMYRLAGSVSSSRQRHHADEDKPIFTPRENEVLYWASMGKTYGEIATIASISLSTVKFHMGNIVVKLGVSNARQAIRLGVELELITPATTAAR,LuxR-type receptor,12624209,Sigmol
Serratia liquefaciens,SwrR,Q7X170,MSNFFFNNETINASIKEELERGLSKYNNIKYAYAIMNKRNPASFSIISNRTEWFEFYIKNNYQFIDPVLITASHRITPFTWDKDLEIGAGLKLPKIFDMAKNYNIINGYTFVLHDHHHNLVVLSIMLDKHCDADVEQQIDNNKAEIQMLLITMHGKMTTLYQEMSTPADFEKMNQREFFSKRENEIIYWASLGKSYQEIALILGIKLTTVKYHIGNAVKKLGVTNAKHAIRLGVELQLIRPLLADTEG,LuxR-type receptor,8861211,Sigmol
Burkholderia glumae,TofR,Q4VSJ9,MELRWQDAYHQFNTAENEQQLFHQVSAYSKRLGFEYCCYGIRVPQPGSQPLVEIFDTYPPGWMAHYQARNYIEIDPTVRDGAASPNMIIWPDADAAEQPSLWRDARDFGMSVGVAQSSWAARGVFGLLTIARRSDRLTPAEINSLTLQANWLANLSHSLMGRFLVPKLSPAASISLTKREREVLSWTSEGRTASEIGEQLNISERTVTFHINNILAKLGAANKVQAVGRQGDRHGADPGAVGGPVRSGSTKRRRRAGAGFTARPARFSWARHSISGSASLAVQLTLEMLFSMLMRLAICSSFCWSFGCSFSVAVTLMRSGGASLSTSSLVRLWNDSGFAYIEFDSSVRT,LuxR-type receptor,15522077,Sigmol
Pantoea agglomerans,PagR,C0L3S5,MAELRHSSSLGSRSSSSPLRAAGDEDSSSPHVHDHSPNGGDDEDGRPRHPSRDRDRPIWFHSLFPFFGDDPRVSPQKNKISLLLILILAIASLISVYGIINHLNAPYLCKKDGIVLNCPHVKESPSPWENPLSATTSWKPCAERRIGGISDLPPENETNGYVFIHAEGGLNQQRIAICNAVAVAKIMNATLILPVLKQDQIWKDTTKFEDIFDVDHFIDYLKDDVRIVRDIPDWFTDKAELFSSIRRTVKNIPKYAAAQFYIDNVLPRIKEKKIMALKPFVDRLGYDNVPQEINRLRCRVNYHALKFLPEIEQMADSLVSRMRNRTGNPNPYMALHLRFEKGMVGLSFCDFVGTREEKVKMAEYRQKEWPRRFKNGSHLWQLALQKRKEGRCPLEPGEVAVILRAMGYPKETQIYVASGQVYGGQNRMAPLRNMFPNLVTKEDLAGKEELTTFRKHVTSLAALDFLVCLKSDVFVMTHGGNFAKLIIGARRYMGHRQKSIKPDKGLMSKSFGDPYMGWATFVEDVVVTHQTRTGLPEETFPNYDLWENPLTPCMCKA,LuxR-type receptor,25283544,Sigmol
Pseudomonas corrugata,PcoR,A7KC31,MQRILIVEDEQKTGRYLQQGLVEEGYQADLFNNGRDGLGAASKGQYDLIILDVMLPFLDGWQIISALRESGHEEPVLFLTAKDNVRDKVKGLELGADDYLIKPFDFTELVARVRTLLRRARSQAATVCTIADMTVDMVRRTVIRSGKKIHLTGKEYVLLELLLQRTGEVLPRSLISSLVWNMNFDSDTNVIDVAVRRLRSKIDDDFEPKLIHTVRGAGYVLEIREE,LuxR-type receptor,17537174,Sigmol
Serratia marcescens,SpnR,Q0EEE6,MINLHQPILGTEELDAIAEVFASNWIGLGPRTRTFEAEFAHHLGVDPEQVVFLNSGTAALFLTVQVLDLGPGDDVVLPSISFVAAANAIASSGARPVFCDVDPRTLNPTLDDVARAITPATKAVLLLHYGGSPGEVTAIADFCREKGLMLIEDSACAVASSVHGTACGTFGDLATWSFDAMKILVTGDGGMFYAADPELAHRARRLAYHGLEQMSGFDSAKSSNRWWDIRVEDIGQRLIGNDMTAALGSVQLRKLPEFINRRREIATQYDRLLSDVPGVLLPPTLPDGHVSSHYFYWVQLAPEIRDQVAQQMLERGIYTSYRYPPLHKVPIYRADCKLPSAEDACRRTLLLPLHPSLDDAEVRTVADEFQKAVEHHISQRSPLRK,LuxR-type receptor,17675425,Sigmol
Rhodobacter sphaeroides,CerR,Q3J1N8,MDIIDLSTVATDDASFLDYIDQLCQKLGFDYASYATTSPMTGAVQGYANYPDSWKMHYMRRNLHRVDPTIHKSALSIAPVDWSRFERDERFRAVFFAAEDFGITPQGLTVPVRGPYGDRGLLSVTRNCARPEWEKHKRAVIGELQVAAVHLHDAVMRSDVISRALRQPRLSTREIEVLQWAAAGKSQTDIGDILGISHRTVEVHLRSAREKLGTLSTVQAVGRAIGLGLVYPR,LuxR-type receptor,9393720,Sigmol
Agrobacterium vitis (Rhizobium vitis),AvsR,Q1W372,MFDDDIYFNLLDWLETATSAKWTDFLNRLQSSYNLSGCLYMDAFITSAGAQVHRYGHTFDKQVKEPILMLDAPVLHNVLSQLSRAMEPVDMHDLAHVSEEGLLLRSKLRDLPLPRQAVSYPLLSIDGRGAILAIASNACEQEWRRFRRCHDRDIHLLAGKFHAGLVKRCDGADIAGTPPLTRREQETLRWTAAGKSYWETAVILGISERTVRYFMANARIKLDAVSNTQAVVKALQRGLIPPEAPL,LuxR-type receptor,17906938,Sigmol
Citrobacter rodentium,CroR,D2TJP9,MKDTYYNDKGINALIQNELNKVFEVYKDTTYAYAIVNKKDPSQMRIINNNPQWFDIYLERKYQFIDPVIIRALSSVEDFYWENKVLLSGGYNLTRIFNESSEHNIYQGHTFPLHDYLNNLVVLSIISHKDSGIDMTANRSYFMHFLVQLHQKTLNLYSKVHQKKNVFLSPRERQILKWVSAGKTYAEVSLILSITERTVKFHMSNAMKKLGVNNARHAVKLGMELRLLDN,LuxR-type receptor,17557113 ,Sigmol
Pantoea agglomerans,MalT,D6YQK1,MLIPAKLSRPVRLEGTVIRERLLQKLTAAGNYRLVLVTSPAGYGKTTLVSQWAAGKSDLGWVSLDEGDNQPERFADYLIAALQQATHGGCPRSELLAQKRQYVNLNALFSQLFIELVEWQQPLWLIVDDYHLITNPVIHDAMRFFLRHQPENLTLILMSRNLPQLGIANLRVREQLIELGSQQLAFTHQEARQFFDCRLAAPLESEESSRLCDDVAGWATALQLIVLSARQGASSAQHSARRLSGINASHLADYLVEEVLDNVDLPTRHFLLKTALLRSMNDELIACVTREENGQMRLEEIERQGLFLQRMDDSGCWFSYHPLFGNFLRQRCQWELAAELPALHRAAAESWMAQGFPGEAIHHALASGDATMLRDVLLKHAWTLFNQSELPLLENSLKALPWEMMLDNPMLVLLQAWLMQTQHRFSEVDSLLARFEQASYCEIDAALRGEFNALRAQVAINDGKTDEAERLAKVALDTLPASRHYSRIVATSVHGEVMHCKGELDDSLKLMRQTEQMARRDEVWHYALWSLIQQSEILFAQGFLQAAYEIQSRAFVLVEEQHLAQFPLHEFLLRIRAQLLWAWGRLEEAEQAAREGIKVLNGYQPQQQIQCLGLLVQCSLARGNLDNARSYLNRLENLLNNGNWHSDWIANADKVRVIYWQMTGESQNARDWMRQTPKPAFANNHFLQGQWRNIARAQILLGDVSQAEVVLEELNENARALRLMSDLNRNLLLLNQIYWQTDRKAEAQRVLIEALKLARSTGFISHFVIEGEMMAQQLRQLIQLNTLNELDSHRARRILLEINKYHRHKFAHFDEGFVSRLLNHPDVPELIRTSPLTQREWQVLGLIYSGYSNDQIAGELAVASTTIKTHIRNLYQKLGVSHRSEAMNQVQSLLKMMGYV,LuxR-type receptor,25700398 ,Sigmol
Pseudomonas syringae pv. Syringae,AhlR,Q7WU45,MEVRTVHTQLDCPPLKINAAPAPLRQLIEDFENDLHRIGDFTYAYFSSPKTRTVKPVILSNYPDSWLKSYIASNYHLIDPIIKHAWHSITPFFWREARHAIQGVETDDFLKRSAKYQLSSGATFTLHDASGLFAALSLCNARQQTDFDQRIRDKAADIQMSLIRFHDRLTKTQAPHELFPQPTRCKLSSREIGVLKWVAMGKAYSEIAEIFSISERTVKFHMSNVSSKLEVRTAKQAVYKAINMGMV,LuxR-type receptor,10383988,Sigmol
Pseudomonas syringae tabaci ,PsyR,A0ZSG2,MEVRTVKAQLDCPPLKINGAPAPLRQLIEDFENDLHHIGDFTYAYFSTPKTRNVKPVILSNYPDSWLKSYVASNYHLIDPIIKHAWHSITPFFWREARNAVQGVETDDFLKRSAKYQLSSGATFTLHDASGLFAALSLCNARQQNDFDQRIREKAADIQMSLIRFHDRLIKTRAPHELFPQPTQCKLSTRETGVLKWVAMGKSYSEIAEIFSISERTVKFHMSNVSSKLEVRTAKQAVYKAINMGMV,LuxR-type receptor,27864298,Sigmol
Burkholderia vietnamiensis ,BviR,A0MSL2,MQAWREKYLNGFATAKSEADVFLEFSADVRALGFDHCSFGLRIPLPISKPQFMLQSNYPQTWVERYVSQNYFAVDPTVRHGLSRMSPLIWRADSQTQCVQFWEEADQHGLRHGWCMPSVSRTGAIGLITMVRSGEPIEERELAEKGYQMSWLANTANYAMSMHLLQRLVPEYTVELTVREREALQWSAAGKTYAEIGKIMHVDDRTVKFHLVNAMRKLNAANKTEAAVKATMLGLLF,LuxR-type receptor,11807080,Sigmol
Burkholderia cenocepacia,CciR,B4EI53,MDRVCQRGAGDTPTVPQPLTSSLAGRWAPLATAFLNTVDLSSLLKLFGDVSASLGFPRFAISRVSRRHTGNGRAMAVETLCARYPDHWVAHYAQRDYGPVDPVHRMAFARATPYRWADIRGLNRIEQRVLGEARDAGLTSGVSIPLRETNGDILLVNLASPSPEIKTEVHMRLASSIGALFHQELHRLMKPHRPEPALELSPRQQECLAWVARGKSSWAIASIVGISPHTVDYHIAEAMKILGINSRTAAAVHAVTTGLIHV,LuxR-type receptor,16041013,Sigmol
Acinetobacter baumannii,AbaR,A0A059ZL64,MESWQEDLLSAFLVVKNEYQLFEIVKSTASRLGFDYCAYGMQSPLSIAEPKTIMLNNYPEAWQKRYVERQYVKIDPTVQHCMVSLQPLVWSSQSAKTQAEKDFWEEARSYGLNVGWAQSSRDFIGTRGMLTLARSNDQLSEKEQKAQYTNMYWLTQTVHSSIAKIVNDVEFAKFNLYLTNREKEALRWTAEGKTSAEIAQILGVTERTVNFHLSNSMQKLNVNNKISAAIRAVMLGLL,LuxR-type receptor,22853441,Sigmol
Pseudomonas sp,CmrR,E2ITE6,MKNWQDDLLMITDLKLSESQIVKRIQEAATMLEFEYCAYGLQVIFPEEKVVMFNNYPRQWQRRYDTENYLAIDPIVAQGRQSQTPIIWADSVSREAPIFWEEARAAGLKVGWSQSSINAAGAASMLSLSRSSQPITRQELDANEIKMRWLVNVAHLALSNRISTRLANPYEVKLTSREKEVLKWTGSGKTSFEISCLLAISENTVNFHIKNSILKLSAANKTAAVIQAFLTGQLI,LuxR-type receptor,21071496,Sigmol
Pantoea ananatis,EanR,A6P7G7,MFSFFLENQTITDTLQTYIQRKLSSFGSPEYAYTVVSKKNPSNVLIISSYPDEWVRLYRANNFQLTDPVILTAFKRTSPFAWDENITLMSDLRFTKIFSLSKQYNIVNGFTYVLHDHMNNLALLSVIIKGNDQAALEQRLASEQGTMQMLLIDFNEQMYRLAGAEAERAPTVNQNADKTIFSSRENEVLYWASMGKTYSEIAAITGISVSTVKFHIKNVVVKLGVSNARQAIRLGVELDLIRPAASAAR,LuxR-type receptor,17827290,Sigmol
Yersinia ruckeri,YruR,Q9F7U7,MFSTIKNDEQIIETIRDYIDRKLERYDSPRYTYMVIDKKNPVDVFIVTSYPDEWADIYTSQNYQHIDPIVLTAFKRISPFAWDENITILSDLKSSKIFALSKKYNIVNGFTFVLHDHMNNLAMLSLIMDNNADKGLNSRIESDKDRLQMNLIKIHEKMLMLEQNKLGVSNGKNTDTSGKGILSPRENEVLHWASMGKTYPEIALIAGITTRTVKHHMGNVVKKLGVINARQAIRLGVELELIKPVLV,LuxR-type receptor,17241341,Sigmol
Azospirillum lipoferum,AlpR,Q19U14,MWQAIQTFVEQAGDDTDEDALFRRFESAATELGYPFYAFGALWGDPDAIKLNPAPAVRLNYPAEWVAHYFSTGYNKIDPVVLVAPYAQTSVTWDELRSYRPEFFDDAATFGLRSGIAIPLRAIQGCYVLCVASGDDRPIRPKERARLELFAHGLFAAYQRLRELPAQDHGLTANTVQVIRLSMAGLSTAEICSRLKLTMDGVHWCLKDARKKLKCANTAQVYLKAIQQGIVAVS,LuxR-type receptor,17064258,Sigmol
Acinetobacter oleivorans,AqsR,D3JTG7,MENWQEDLLSASLMVKNEYQLFEVVKSTASKLGFDYCAYGMQSPLSIAEPKTIMLNNYPEAWQKRYVKQQYVRVDPTVQHCMLSLQPLVWSSQSANTQSQKDFWEEARSYGLNVGWAQSSRDFIGTRGMLTLARSTDQLLEKEQKAQYTNMFWLSQTVHSSIAKIVNETEFAQFNLYLTNREKEVLRWTAEGKTSAEIAQILGVTERTVNFHLCNSMQKLNVNNKISAAIRAVMLGIL,LuxR-type receptor,24025605,Sigmol
Burkholderia plantarii,PlaR,Q3MQ49,MELRWQDAYHQFNTAENEQQLFHQVSAYSKRLGFEYCCYGIRVPQPGSQPLVEIFDTYPPGWMAHYQARNYIEIDPTVRDGAASPNMIIWPDADAAEQPSLWRDARDFGMSVGVAQSSWAARGVFGLLTIARRSDRLTPAEINSLTLQANWLANLSHSLMGRFLVPKLSPAASISLTKREREVLSWTSEGRTASEIGEQLNISERTVTFHINNILAKLGAANKVQAVVVKAIGMGLIQAP,LuxR-type receptor,16684109,Sigmol
Aeromonas veronii,AcuR,A1L0M7,MKQEQLFEYLEHFTSVTDGDRLAGLIGRFTVDMGYDYYGFTLIIPMSMQRPKVVLFNQCPISWVQTYTDNNMLACDPVIQLARKQTLPIYWNRLDERARFLQEGSMDVMGLAAEFGLRNGISFPLHGAAGENGILSFITSERASSDLLLESSPILSWMANYIFEAAIRVVRLRDSDQQAALTDRETECLFWASEGKTSGEIACILGITERTVNYHLNQVTRKTGSMNRYQAIAKGISSGILLPNLEQVVVTNFPKLMQ,LuxR-type receptor,22666003,Sigmol
Nitrobacter winogradskyi,NwiR,A0A4Y3W8V8,MSRRTLDDTLTFIARVDKASTPAEIADAVVDVARPLGFSHVLAGIIPIPGMTAEQQISNVVLHRWPKAWSERYFTKGYLFDDPTIQRVNASTEPFLWSELEPTYRNTPAPTRVMGEAREFNLGCGFTVPMITLNGQTAGFSLASERAEVPSVLRGQLQLIAMYAFARALGQKYKPAPVNLTPREMDILQWMAEGKSDWEISVILKVSEHLVDKIARQLRAKLNATNRTQTVATALRHNLIR,LuxR-type receptor,26092466,Sigmol
Acinetobacter nosocomialis,AnoR,A0A0N8YGA2,MESWQEDLLSAFLVVKNEDELFEVVKSTASKLGFDYCAYGMQSPLSIAEPKTIMLNNYPQAWQKRYIEQRYVKVDPTVQHCMVSLQPLVWSSQNAKTQEEKDFWEEARSYGLNVGWAQSSRDFIGTRGMLTLARSTDQLSEKEQKAQYTNMYWLTQTVHSSIAKIVNDVEFSQFNLYLTNREKEALRWTAEGKTSAEIAQIIGVTERTVNFHLCNSMQKLNVNNKISAAIRAVMLGLL,LuxR-type receptor,25975610,Sigmol
Methanosaeta harundinacea/Streptomyces filipinensis,FilR1,G7WMP6,MDERDMVKRVKVFASSELKLNILLCLKYREMDVNDLQGVLGGRNTTILHAIRDMTDDYLISRGRQGYRLTNLGKIRGCVLESLMGVLDDLEARPDFWLNHDISSIPPEMLERLSMLRRSEMVSTNPASPLEIHERLESLLSTSKKISAILPLLIFPKDSKVFTNALRRGSRVDLLMTEKIAGSLLDDGSISAYEVERLLKFESFRLRLIGEDLKLALFVTESFLYLGLYRHDGVYDVGTGAIYLGESAVAWGMELFEYYAQRSRELDEGDLTRVFRSSIQPEAEAPPLAGEDPGAFDVMIVEDDLGHATLIRRIFEESSPRWRVHHASQLQDALRWIEESYGRPFLVVADYLLPDGCGLDLAGKAERPLEVGFPLIILTGFGSEKIAAQAFKSGAMDYVVKEADSIQRLPEIAEEALLRWRELKRRAAGGEGHPSPQEGQGLPLKV,LuxR-type receptor,22237544,Sigmol
Photorhabdus temperata,PluR,S4WIR4,MNTSFNEILSEIQKSKTMPELEKKLLNAINYLDFEFYSIYQEEKYPFTTKKYVLITNLNIETANNYNQNNNHDSDQLMNGDYTFSIPSICNEKTSKNTDFMIEKSNINEVKNSLSIKIKGSHGERSIFSVARKEGAISHNEILNKAGMLGILANECVETFNNLKNKEDKIIIPTLSTREVEVIRWTCEGKTSAEIANILEISTRTVNFHINNIMEKLVVPNKVAAVAKAIAYNLII,LuxR-type receptor,23851573,Sigmol
Photorhabdus asymbiotica,PauR ,B6VLK5,MNTLFHEILSEIQKAKAIPELEKKILNAINYLDFEFYSIYQEEKYPFTTKKYVLITNLDTETIGNYDKDDNHDSDQLMNGDFIFSLPSVYDEKTSKHTDFMIEKPNENEIKNIISIKIKSYHGERSIFSVARKEGSISHNEILNKAGMLGILANECIKTFNNLKNKEDKIIVPTLSTREVEVIRWTCEGKTSAEIANILDISTRTVNFHINNIMEKLVVPNKVAAVAKAIAYNLII,LuxR-type receptor,25550519,Sigmol
Escherichia coli,QseE,Q8XA47,MKRWPVFPRSLRQLVMLAFLLILLPLLVLAWQAWQSLNALSDQAALVNRTTLIDARRSEAMTNAALEMERSYRQYCVLDDPTLAKVYQSQRKRYSEMLDAHAGVLPDDKLYQALRQDLNNLAQLQCNNSGPDAAAAARLEAFASANTEMVQATRTVVFSRGQQLQREIAERGQYFGWQSLVLFLVSLVMVLLFTRMIIGPVKNIERMINRLGEGRSLGNSVSFSGPSELRSVGQRILWLSERLSWLESQRHQFLRHLSHELKTPLASMREGTELLADQVVGPLTPEQKEVVSILDSSSRNLQKLIEQLLDYNRKQADSAVELDNVELAPLVETVVSAHSLPARAKMMHTDVDLKATACLAEPMLLMSVLDNLYSNAVHYGAESGNICLRSSLHGARVYIDVINTGTPIPQEERAMIFEPFFQGSHQRKGAVKGSGLGLSIARDCIRRMQGELYLVDESGQDVCFRIELPSSKNTK,Noradrenaline synthases,17220220,Sigmol
Escherichia coli,QseF,P0AFU5,MSHKPAHLLLVDDDPGLLKLLGLRLTSEGYSVVTAESGAEGLRVLNREKVDLVISDLRMDEMDGMQLFAEIQKVQPGMPVIILTAHGSIPDAVAATQQGVFSFLTKPVDKDALYQAIDDALEQSAPATDERWREAIVTRSPLMLRLLEQARLVAQSDVSVLINGQSGTGKEIFAQAIHNASPRNSKPFIAINCGALPEQLLESELFGHARGAFTGAVSNREGLFQAAEGGTLFLDEIGDMPAPLQVKLLRVLQERKVRPLGSNRDIDINVRIISATHRDLPKAMARGEFREDLYYRLNVVSLKIPALAERTEDIPLLANHLLRQAAERHKPFVRAFSTDAMKRLMTASWPGNVRQLVNVIEQCVALTSSPVISDALVEQALEGENTALPTFVEARNQFELNYLRKLLQITKGNVTHAARMAGRNRTEFYKLLSRHELDANDFKE,Noradrenaline receptor/TCS receptor,17220220,Sigmol
"Staphylococcus aureus,Staphylococcus epidermidis",TraP,Q2G2F3,MKKLYTSYGTYGFLHQIKINNPTHQLFQFSASDTSVIFEETDGETVLKSPSIYEVIKEIGEFSEHHFYCAIFIPSTEDHAYQLEKKLISVDDNFRNFGGFKSYRLLRPAKGTTYKIYFGFADRHAYEDFKQSDAFNDHFSKDALSHYFGSSGQHSSYFERYLYPIKE,TCS receptor,15908434,Quorumpeps
Enterococcus faecium,EntK,Q9X473,MITIDTKAYLLRMFVGNFFFFLLFYMTNTDLNKRKYLFVCLLIPLTFFVELFTDVSAAIPIIGSYFILKEKKKTNIVLLNKLLLCMLIDDFRSIITSMVMTYMFSFEGIKGYGYVVFQIMLDSLFLLMFIWLYRKLAINRIVEQSSSKLTAIFMIYLLTIGLFVSYVAHQYQVFDHFVFGVLIFLIIQMFVVLFLFIRITIRQREQYEQQLKRKELVYLKKYTDSLEKDQEKFARFRHDYKNLLLSLKEIANQNHDSILEKEIKELEIYSNSYLTNKFEYRYLKNIKNEYLKSLLIAKLYQANNNKICCKFECPSTIIEVPVPIFDCIRVLGIILDNAIEASIESQDRELSLAIYRDDKQIEISISNSCREILLSIDTLMKKGITTKKGHQGLGLSSIEEINKKNPNMFVNYQNDPYQFTTQVILLF,TCS receptor,12859773,Quorumpeps
Enterococcus faecalis,PrgX,Q04114,MFKIGSVLKQIRQELNYHQIDLYSGIMSKSVYIKVEADSRPISVEELSKFSERLGVNFFEILNRAGMNTKSVNETGKEKLLISKIFTNPDLFDKNFQRIEPKRLTSLQYFSIYLGYISIAHHYNIEVPTFNKTITSDLKHLYDKRTTFFGIDYEIVSNLLNVLPYEEVSSIIKPMYPIVDSFGKDYDLTIQTVLKNALTISIMNRNLKEAQYYINQFEHLKTIKNISINGYYDLEINYLKQIYQFLTDKNIDSYLNAVNIINIFKIIGKEDIHRSLVEELTKISAKEKFTPPKEVTMYYENYVAIENNPIPEIKEQS,TCS receptor,16339309,Quorumpeps
Enterococcus faecalis,TraA,H1A9I1,MHLNELMKIQRKSEKLSQAKFYEGIFQRNSASLFENHNEHFLKIADLPLLADRSNLTIPEIIRTCNEDFKSVFDKDLETYYFILSKIQQNPDSEYNHELYSLYQKSIHEKFTSLKYMNLYLLIKLQTSSFISEIIPVDKQDLADIKKMFSSSKRFVLYHYKILSNLCTIFPYSDLQTLIEQLFPLREDSDEQIKDTACLSLSNAIALSIFTKDYSSCFILLNHFETLLSNYTSYKYKLSFIASRNMLLYFTSGDIEHIMKVFSYVEILKQVESPEYVEQFHKNLQTIISKSDDEKAKQIFGVLDDDGQVLDPKNFDHKKID,TCS receptor,15907539,Quorumpeps
Bacillus subtilis,RapA,Q00828,MRMKQTIPSSYVGLKINEWYTHIRQFHVAEAERVKLEVEREIEDMEEDQDLLLYYSLMEFRHRVMLDYIKPFGEDTSQLEFSELLEDIEGNQYKLTGLLEYYFNFFRGMYEFKQKMFVSAMMYYKRAEKNLALVSDDIEKAEFAFKMAEIFYNLKQTYVSMSYAVQALETYQMYETYTVRRIQCEFVIAGNYDDMQYPERALPHLELALDLAKKEGNPRLISSALYNLGNCYEKMGELQKAAEYFGKSVSICKSEKFDNLPHSIYSLTQVLYKQKNDAEAQKKYREGLEIARQYSDELFVELFQFLHALYGKNIDTESVSHTFQFLEEHMLYPYIEELAHDAAQFYIENGQPEKALSFYEKMVHAQKQIQRGDCLYEI,TCS receptor,22267516,Quorumpeps
Lactobacillus plantarum,LamC,F9ULD6,MLIIFLQEFFLFVITKAILKKRSIQLFDISFVAVSLGVTYAFYSLLQDRVSFLVVLLCIIYAYWYEHNISKSVIIAMEITMLSMVADHLASLVMLFFDSMRLYLLLFSIFQSLLIIMVYTVRLRTNCKPFFEDQKLNRTTAALLCIVYLYIILSEGWKNQANVIFSNLIILLVMIGLFVIIYNEYLNNVKSKYEVQKQRIQIQNDTRYMNEIEAHYNELRRFRHDYQNMLISIDEYLKTDDLEGLQEYYQKNLAPVSNRVLKEKYNLEDLSRVKVKSIKSILFSKLSYAQSQEIEVHFDLKEPLIDITVNELDLDIALGIMLDNAIEASVGHADGEIMSAIFIEKNSTVFLIQNNVFEQLPPLWKLKEAGYSTKGKNRGIGLNSLSKIVNRNENMILETRVLGAVFLQRLTVKRVSQND,TCS receptor,18805979,Quorumpeps
Bacillus subtilis,ComP,Q99027,MKNLIKKFTIAVIVLSILYISYTTYISMNGIIIGTKIHKNDKSQFMIEEISESSYGQFVGLRQGDIILKINKEKPSDKHLKWGYLSHINSLDILRSGKKIHLKDFDLVTLNRPYSFFLFVLPLFFYFLSIICIFYILKVNKKRRSFAAYILILLLLDISIAYISAGGPFRGHIINRYINLFTFISSPILYLQFIQRYLGEIGKTFLNRISFLYIIPIFNLGIEFFQDYLQVDIDFLATLNLVSFATLTLFSFSAIYLHLNKYKYAEHSFILKLLILTNTLSFAPFLIFFVLPIIFTGNYIFPALASASLLVLIPFGLVYQFVANKMFDIEFILGRMRYYALLAMIPTLLIVGALVLFDVMDIQMNPVRQTVFFFVVMFAVFYFKEVMDFKFRLKRFSEKFNYQDSIFKYTQLMRGVTSLQQVFKELKNTILDVLLVSKAYTFEVTPDHKVIFLDKHEVGPDWNFYQEEFENVTSEIGKIIEVNQGFLMKVGERGGSSYVLLCLSNINTPRLTRDEISWLKTLSFYTSVSMENVLHIEELMEHLKDLKQEGTNPIWLKKLMFAIEEKQRSGLARDLHDSVLQDLISLKRQCELFLGDFKKDDNPCREEVQDKLVQMNEQMSDVISMTRETCHELRPQLLYDLGLVKALSKLVAQQQERVPFHIRLNTGRFTASLDLDSQLNLYRIIQEFLSNAVKHSQATDVLIMLISIQNKIVLHYEDDGVGFDQEKNTEHSMSMGLSGIKERVRALDGRLRIETSEGKGFKADIEIEL,TCS receptor,7855425,Quorumpeps
Bacillus subtilis,MrsK2,Q9RC29,MKLRNRIAFYFVSRLFLLMFIWGVLIVGSIIFFSLVLGQNKMETPHLSLKKIVDQTVVADKQFSINTKAKEDLLENRMWIQILDEQGDEVFSFNKPQNIPKHYILGELISDYMYPAKKGYQLSTWYETKNNQDLTWVLGKPMEKNNPFFYWVNNLWIVSIIMAGIVIAIFYGKKLGAPLLFIVSWIENLSKEKYEEPYDWKFHSSKYRHNKSGYKTYQELMQALSELTSTLQRNKAERELLEKTREEWMAGVSHDLKTPLSVIKGYTVLLSSNEYEWENQQVRDFSLIMEERVEYMEKLIEDFNLTFQLKNESLPIHLEEKNVVKVIHDTLEKMKLLPESENKRFALESSHNKILFNMDERYLKRAVENLIANCIKHNPPGTKIKVILYQDVLHDNEIQIIIEDDGIGMDEETVECLFDRYFRGTSATSNNSGTGLGMAIAQQIIKAHGGNIDIYSQPGIGTRFKITFPSPPSKYNNVN,TCS receptor,11772616 ,Quorumpeps
Staphylococcus lugdunensis,AgrC,Q9S3T7,MDLLNSIPLSIFQSLMLLFVAKIVADIKFQMRDYFAIFGIIIPSTILFGVIGRQSLIFLIIGCLIFFYLKIGLYSVLAIFGSALIMYVSNYISVILSVIADYFSLSYIVQIIIILVSFTLISIICAYFIRFLLISSKKTYLYFNKIYISVISIFLILSLIMLYLYTQIFKQEYQDLKIFAIIFVGILFFLAIFIIAITFSVHREMQYKRNLKEIETYYEYTLQIESINNEMRKFRHDYVNILSTMSEYIREDDMPGLREYFNNNIVSMKDNLQMNSIKINGTDKLKVRAIKGLVTTKILQAQEKNIPISIEVPELIEHIEMNTVDLSRVIGIIIDNAIEASESLEDALIRIAFIKNEDSVLFIVMNKCSDTTPKIHELFQENFSTKGKNRGLGLSNLKEIIDATPNTLLDTTIDNGYFIQKVEILNNIP,TCS receptor,8975897 ,Quorumpeps
Staphylococcus epidermidis,AgrC1,A0A239YFS6,MILSIIIYMFLFYKIYLQKESSNSLKFMFLGILSWFTLSIFLGDFIEFIFIILCIIYYIGINKDIKVLNLILIFFIIIKFININSSYIVIYIDKFLALSNDYTVFLQILIILLQVLIFLKIFEKYNISKYIYSFLSLSLTLLLLYIYLSIFFITYIFKEIYYFERFIDLLLFFTITQGIFITFLIFYETRVQKEQELKKMNELKFENLFFYSKLIEEKNLEIEKFNHDLNNIIISINEVEENEKVKNFKKELLYLSNYTKNIPFSRNKFDTNYLKNIKNLYLKNLFLSKIEVIMNKNIKLHFECLQQVEEIKKVHNLDLVRIIGILIDNAIEETEKLNNGFINIYIYSSNGYLEFIIENNFMNKEKISIHKLMELGFSTKNNHKGLGLTIIENIVEKNKYINVNYEINDNDTTFKVILVININL,TCS receptor,15341477,Quorumpeps
Streptococcus parasanguinis FW213,AgrC2,I1ZPR4,MYIKIYFFIIIPEYNKIEKQSGRVCVFQSLVLSFILGGIIVLTFALVDEKIYQEHRFPYIFFLSTFVLLFESLLVFLDMTLFSNIQLSDLNMLLWPVYLYPYYHYANRTNRLCSIFYSFFTYLAVEGTATFLTIIVSSVIGDAFVAAHSIVYNMFIRLVSLGIILKLIDLFEFDFTPFYEEEFEKYLKILISVYFAIFVVINFALWISEQAQFKNFGSMLATICFFTFVVSLFHMKIERDQYRKNLELEYKEFSEQQMSRYMAEIQSLYSIVRGFRHDLGNLVISMSLAIEEENIPEIRRIHREVLEKSYKKINAEELSGFNLVNIRDSALRSILIRGWLDARDAGVEMTFETSEPIEQLPVDLLDIVRIVGILVTNALEASKEAEEKKVHIAIFSISKIVYLVIHNTTNEITFDIRKIYEEGYSTKGENRGLGLNNVRKILANYGTMFLETELQGNRFLQVLKIGGYEQE,TCS receptor,22529932,Quorumpeps
Bacillus subtilis,AimR,A0A6H2J4U2,MLTKERKAEKQNVDVKVQLEMSDINEEYEKTDKLIEQLINSRCSIEREWATIYQIKRKQDKGEINAHQALKAIGKFDPKTPEMRVFTYIIPLYYYLRNAEYSNLAEMSTIVDLDLIENNDDIKSSYYNRLMALLGASAFSQNKMTQARFYCSYGINLKNIDRLVAYSCLTMGNTYILDDYERAKEYFLKGLNHTDNSPLAELQLTRSLCFLENHWGKENFWLNPDSEETTDIQEIAHYHIKRNNLDYAKEILDYLEEIPSIDNDYGIHFYLKGLAYKDKRYFYESIKHFKLSGDLFSVRLPLDQLREMGEDEQILDLLAL,AimR receptor,30745087,Quorumpeps
Streptococcus gordonii,ComD,A8B009,MIFTIILSLFPVIIQVFSYDFFYNKINRKKKINIKLIILFWGLIMVISFLYSLFLLLPDYWKIFRDIFHYLFLLIQPLIFYKYFLIKRKEYENYLNLFLSFVIYLSVETSETFLSVIISSITGDSFVKQHYDIFYIIINLLSLFIILKVVDFFDFYFEYYKEPIYKNDLYNVNKSYIVIHILLNISHWFSENAHLNSFASMIATIGFIMFLSTLFYLKSAREQYEKAKEIQQKKEEQRQLQLYTDEIVGLYNEIRGFRHDYAGMLTSLQTGINSGDMKEVERIFHNVLSQANISLRSDDYTFFELNNVQDTALRSVLIQTIFKARECGVEIVFEMKDVIETLPMKLLDLVRVASVLLNNAVEGAAESPSKTMNVSLVKLDKEIVFVIQNSRQSRYINLEEIYEVGFSTKGENRGLGLNNVKEIIDKYDEVILETDIETNYFIQVVRFKRKEKI,TCS receptor,17720781,Quorumpeps
Lactobacillus plantarum,PltK,F9UNC0,MLVFLLQILINRELRQKRVYATVAVMTVLLTVIYMLYDDYSDIITFIVNMGLLAFVRRKKYFIVTSLTATLAYILFSFFGNYATESIFHLFNLGLNDWSGWLFEAIGETIVTACMLAVAASFKVLKKRYPRQFVDGLTLNVIVSALAVVAVAFFTITTAADNYNIGSGFLGILMLILVAILLINAGTFLYLFYSYTLRVQNNRQALERQQYDIYVKNLENSYQNLRKFRHDYQNILLSLGEYIQIADDPELQQYFRQVVTKSKQSLNRDFGHFDNLEQIKDKPLKAIIQSKFSVARQAGIQVRLEANDPIAAIAIDSVTLSRVSGILLDNAIEAVKGQSGGQIAVALVKYPRMVELIFANSLNHPIERLDELMVAGHTSKGAGHGQGLATVRELLDPLANVTYEVSSHQRFEFIISIESE,TCS receptor,18048908,Quorumpeps
"Bacillus subtilis,Bacillus mojavensis",RapC,P94415,MKSGVIPSSAVGQKINEWYKYIRTFSVPDAEVLKAEIQQELKHMQHDSNLLLYYSLMEFRHQLMLDYLEPLEKLNIEDQPSLSELSRNIDSNQADLKGLLDYYVNFFRGMYEFDKREFISAITYYKQAEKKLSFVSDHIERAEFYFKIAEAYYYIKQTYFSLIHIKNAYEIYVEQETYNVRIIQCHFVFGVNLMDERNFEQAARHFKLALEMAEAEQRAQLVGRAFYNLGLCYYNQDLLDPAIDHFEKAVSTFEDSRITNSLPQAYFLITLIYYKRGKHEKASEYHKRGYEYAKETDDADYAVKFEFLQSLYQAQPNTEGIERCFQYLKNKNMYADIEDLALEVAKYYYEQKWFELSASYFLRVEEARKQIQRSEGLYEIEI,TCS receptor,9384377,Quorumpeps
Carnobacterium piscicola,CbnK,Q46315,"MFSIDTKAYILSIFLSLFYFYGIFFSLYQTVSLRKRIVIVFILLPITFIGSIFTVFADILPMVGCYYILKKQKKTDYILLNLIITSMLTSYFVSVVGSSVIIPFFSFSGVKSFSFVFINSGIQLLVLVITILLFRYFSIGDRIKKYSSPSLSFLLCYLYLVSFLLLYAARYYEAFDKFVAGITFFFIIQTIFIVYIFIREKETQLEKYKHKLSQQQLVDLKRYTDQLEENQQKLRKFKHDYENLLLSLKDVVGEGQNEEAIQSIGELEKYSKENLSFISGYYKDIENIENTYLKSLIINKLFTIQNNDIICDFECKEVVQIVPMSIFDFVRVVGITLDNAIEGAETADTPKISILIYQDKRQLELVVENTSQSTNIPLSRLMIQGTSSKENHKGLGLSNIQEIKKSHPNLYKQYEKKINKFSANIIVLFESEEFHELPNYHL	",TCS receptor,9324267,Quorumpeps
Lactococcus lactis,NisK,P42707,"MGKKYSMRRRIWQAVIEIIIGTCLLILLLLGLTFFLRQIGQISGSETIRLSLDSDNLTISDIERDMKHYPYDYIIFDNDTSKILGGHYVKSDVPSFVASKQSSHNITEGEITYTYSSNKHFSVVLRQNSMPEFTNHTLRSISYNQFTYLFFFLGEIILIIFSVYHLIREFSKNFQAVQKIALKMGEITTFPEQEESKIIEFDQVLNNLYSKSKELAFLIEAERHEKHDLSFQVAALSHDVKTPLTVLKGNIELLEMTEVNEQQADFIESMKNSLTVFDKYFNTMISYTKLLNDENDYKATISLEDFLIDLSVELEELSTTYQVDYQLVKKTDLTTFYGNTLALSRALINIFVNACQYAKEGEKIVSLSIYDDEKYLYFEIWNNGHPFSEQAKKNAGKLFFTEDTGRSGKHYGIGLSFAQGVALKHQGNLILSNPQKGGAEVILKIKK	",TCS receptor,8161176,Quorumpeps
Streptococcus pyogenes,SrtK,Q99ZT6,MFKKYSIKNRVWRAVVEIVFGVCITVLMIAIISLSFSKLNIVTSHNVGEEFYIKDKQSIKQLNNYMKTLGLDYVVFDRKTDKAMEGKYLSKEFSLFNEVAEEKNNLTFNSVHYDLYTNINYNIVIRYNEIPEFSNHYLRNVSYNMLTFYILGIGTSISIVVALTRFVKEISLNFKEIKKLANKMGIEVLSENENYSKIIEFDDILRTLHIKGDNLKSLIEREILEKQDLSFQIAALSHDIKTPLTVLKGNLELLELTTLNKNQEGYIVSMNNSISVFEGYFNSLISYTRMLSEDRSVKLILVEELLSELHFEVDDLLNINNIEFSICNRLIITSFYGDEENLIRALSNLLVNAIRFMPVLDKKIEVILSESGEQIHFEIWNNGERFSDSTLKKGDKLFYTEDYSRGNKHYGIGLAFVKGVAIKHGGNLQLNNPARGGASAIISIKKKI,TCS receptor,11296296,Quorumpeps
Bacillus subtilis,SpaK,P33113,MGIGFKGRKTLLRELVKYMVTLCISLVVLALLYIFINTIAMNTGFSHPANYNEREAEKLAPKLETIDKVTADMIPDTMSYAILNKETKQKTAGTIKEKDLQLVKKKIEKKPYVNYKQKGYLVIERNNEYCVLQYSLRADFSSPLLRKYLPNYELTSICILIILLIIVISIITTYFANRLRKHFETLNVITRYIKEQNLQFTPEFTHIKEFDDVIDSLIEMRDALQSSLEALWRLEKNKKEQIGALAHEIKIPITIIKGNAELLSLSMQNEEQAEYTKYILGAGNQIEQYIYQLIHLSKTEDALTIHLEKASVDELTETLVKDISAYKGNKNINISFKKENLMKEAKIDWQLLHRALLNILTNAVDYTPEGGTVSVHAECDSEIFYFFVKDTGNGFSEMGLKKATELFYMDDKSRHSKGHYGMGLTFAKNAVNLHNGELTLGNTIAGGAEVRVKIPLRNE,TCS receptor,8439156,Quorumpeps
Lactobacillus sakei,StxK,Q6XVH5,MVFVDSFSYFFKELFDLLLFLFMIGLLTNIRKKSFYFALLIFLFPLTLLSVTDALLTGIALISLIVILRFKSWRKEPEVKFTELLGLLLSLTIYSIVPLFSSIIISRIFKLELNVLNERGPLLVVILIGFDWILSIIITLTIKSKVMKRTIPSEEEKVYCMQLGVFLTFVYLFGEVLRRMQILGIFQIVMISFLVTQFSVTMYFTYLTLKKNHEKTELSNLKEQMEMMRVYTADIERNYQELRKFRHDYKNMLLGLKAMQNESAIDEGYLNKMIDYSHQMIDNSVMRFSGLSNLKVDSVKSLMVAKLIHAEQSGIEVNFECLIPIANINMDEIKLVRILGILIDNAVEAAIESEEKRINTLFIDSTDSIEISIENSFLGKLPSLSEMKKVGFSKKGKNRGLGLSNAQDILTATKQADLAHYSNQGMFVSTLTIRKSE,TCS receptor,14660366,Quorumpeps
Streptococcus pneumoniae,BlpH,A0A4M3JZA7,MRIFVLEDDFSQQTRIETTIEKLLKAHHIIPSSFEVFGKPDELLAEVHEKGAHQLFFLDIEIRNEEMKGLEVARKIRDRDPYALIVFVTTHSEFMPLSFRYQVSALDYIDKALSAEEFESRIETALLYANSQDSKSLAEDCFYFKSKFAQFQYPFKEIYYLETSPRPHRVILYTKTDRLEFTASLEEVFKQEPRLLQCHRSFLINPANVVHLDKKEKLLFFYGLFPMILMNLFYRGVSYFVLPFLGQGQVYDGYSFTGLCIIIFNFFLSLAFLKWLDYDFTSLRREILDTGFQKSLTKINWIMGAYYLVIQSLSYFEYEQGIQSTTVRHLILVFYLLFFMGVIKKLDTYLKNKLHERLNQEQTLRYRDMERHSRHIEELYKEVRSFRHDYTNLLTSLRLGIEEEDMEQIKEVYDSVLKDSSEKLQDNKYDLGRLVNVRDRALKSLLAGKFIKAREKDIVFNVEVPEEIQVEGMRLLDFLTIVSILCDNAIEASAEAGQPHVSIAFLKSGVQETFIIENSIKEEGIDISEIFSFGVSSKGEERGVGLYTVMKIVESYPNASLNTTCQDQVFRQVLTMIPTE,TCS receptor,25622617 ,Quorumpeps
Lactobacillus plantarum,PlnB,Q48828,MVEISIFDSVIQSFFIYLGIILVYNFIFSNTNIKRIIYSLILLLVLSLVGAILDDTTSLILVLGAIIKEKCQPKINYYHLNVFLMLISSQIVILALASYLSRGFLYIYLDADKISGLSEYGDLFIGIEIIVMYIIGFLVFNLVYKMVRRYTGSFDISDDERINRHLFIILLAFFGSIEMLLFISNFQGVTATIQLTLLLTFVLMLGLISWQTLETIRVYAWQKKIAAEKLQNKQLNDYLKSVEHQYLELRKFKHDYKNLIASLNTQDNISEIKDYLTDYTQSGEFRASLNDGSIASVQHLKNEILRGLVVQKFFYAKQCGVKLTIEIANTDFILSHGVTVAVRIIGNLLDNAIEQAQKMTDKIVTVAFNEIDNTAEIAISNPIDSDFNQHQIFETGYSTKGSNRGLGLTNVRDLVEQQKGFYMDIETKKNYVTMTLIVTEDK,TCS receptor,8817486,Quorumpeps
Bacillus cereus,PlcR,Q09KI7,MHAEKLGNEIKKIRTMRGLTQKQLSENICHQSEVSRIESGAVYPSMDILQGIAAKLQVPIIHFYEVLIYSDIERNKQLKDQIIMLCKQKKYKEIYNRVWNELKKEEYHPELQQFLQWQYYVAAYILKKIDYEYCILELKKLLNQQLAGIDVYKSLYIENAIANIYAENGYLKKAIDLFENILKQLEALHDNKEFDVKVRHNHAKALFSDNQYEEALCHANRAIELSCQINSMTLIGQLYFRKGQCLAKLGCDRAEIEDAYEKACFFFDILGNHTLKESIIKKNEEMKRT,TCS receptor,17517121,Quorumpeps
Lactobacillus sakei,SppK,Q48870,MLYTDVSVSLMQNFVAILLIFLLYRYIQRKITFKRIILDILIAIIFSILYLFISDASLLVMVLMRLGWHFHQQKENKIKTTDTANLILIIVIQLLLVAVGTIISQFTISIIKSDFSQNILNNSATDITLLGIFFAVLFDGLFFILLKNKRTELQHLNQEIIEFSLEKQYFIFIFILFIVIEIILAVGNLQGVTATILLTIIIIFCVLIGMTFWQVMLFLKAYSIRQEANDQLVRNQQLQDYLVNIEQQYTELRRFKHDYQNILLSLESFAEKGDQQQFKAYYQELLAQRPIQSEIQGAVIAQLDYLKNDPIRGLVIQKFLAAKQAGVTLKFEMTEPIELATANLLTVIRIIGILLDNAIEQAVQETDQLVSCAFLQSDGLIEITIENTASQVKNLQAFSELGYSTKGAGRGTGLANVQDLIAKQTNLFLETQIENRKLRQTLMITEET,TCS receptor,16283250,Quorumpeps
Carnobacterium maltaromaticum,PisK,Q93QD1,MIIDTKAYLLRMLLNIFILYFLILFITKDEAKPSKYVKILVLIPITFFVELFTDFSDLVPMLSSYFLLKEKGKKEIILLNKLILCLIVSYSISIISSLMMVNKLFGGINDYTYVTVQIIFECLLVTLFILLYKKLGIQEIIVKYSSITTFMCMIYLWGISFFVSYTAHQYKVFDQFIMGVSVFLVVQIIFICILGVQTTKKQKEKFEKQFKEQELIHLKKYTDQLEQSQEKLNKFKHDYKNLLLSLKEISFLKKDSDFSKQVQALDEYSNHYLAKDISSNSQQLKNIKNSYLKSLFISKIYQANEHDLDIKLECNQTIELIPIPIFDCVRILGIVFDNAIEAAKESEDQKISLMIYQDPSQLEFLLENSCKKTNIPIRKLMEKGISTKVDHKGLGLNTIQEINEKTKNMFIQYKMKDCTFTTSIILIW,TCS receptor,8702282,Quorumpeps
Bacillus subtilis,RapF,P71002,MTGVISSSSIGEKINEWYMYIRRFSIPDAEYLRREIKQELDQMEEDQDLHLYYSLMEFRHNLMLEYLEPLEKMRIEEQPRLSDLLLEIDKKQARLTGLLEYYFNFFRGMYELDQREYLSAIKFFKKAESKLIFVKDRIEKAEFFFKMSESYYYMKQTYFSMDYARQAYEIYKEHEAYNIRLLQCHSLFATNFLDLKQYEDAISHFQKAYSMAEAEKQPQLMGRTLYNIGLCKNSQSQYEDAIPYFKRAIAVFEESNILPSLPQAYFLITQIHYKLGKIDKAHEYHSKGMAYSQKAGDVIYLSEFEFLKSLYLSGPDEEAIQGFFDFLESKMLYADLEDFAIDVAKYYHERKNFQKASAYFLKVEQVRQLIQGGVSLYEIEV,TCS receptor,17227471 ,Quorumpeps
Carnobacterium maltaromaticum,"CbaK,EntK",Q9REY5,MFSIDTKAYILSIFLSLFYFYGIFFSLYQTVSLRKRIVIVFILLPITFIGSIFTVFADILPMVGCYYILKKQKKTDYILLNLIITSMLTSYFVSVVGSSVIIPFFSFSGVKSFSFVFINSGIQLLVLVITILLFRYFSIGDRIKKYSSPSLSFLLCYLYLVSFLLLYAARYYEAFDKFVAGITFFFIIQTIFIVYIFIREKETQLEKYKHKLSQQQLVDLKRYTAQLEENQQKLRKFKHDYENLLLSLKDVVGEGQNEEAIQSIGELEKYSKENLSFISGYYKDIENIENTYLKSLIINKLFTIQNNDIICDFECKEVVQIVPMSIFDFVRVVGITLDNAIEGAETADTPKISILIYQDKRQLELVVENTSQSTNIPLSRLMIQGTSSKENHKGLGLSNIQEIKKSHPIFIYNMKKRLINFLQIL,TCS receptor,10746765,Quorumpeps
Bacillus subtilis,RapE,P45943,MISITSAEVGMKINEWHRHIQKFNVTDAEMLKAEIERDIEVMEEDQDLLIYYQLMAFRHKIMLEYTLPSDENRMELSEYLNKIEGHKKKLDNMRAYYYNFFRGMYEFRNGEYTRAITYYKKAERKIPTISDKIEKAEFYFKLSEVYYHMKMTHISMHYAELSYNIYKKHELYSVRRIQCHFVIAGNYDDLENHEKALPHLQEALKGAELLKSKNTHIYATAFFNLGNCYHKMDNLNKAARYIEQALVQYRKINSDVLPQAYHDLALIYFKQGKKEQAMDCFRKGIRSAVDFKDELFMNLFEALDVLYIRNGDTPKLLNIFSRLENGKGYPYLEELALLGGNLFDYNGKIEDSIICFKKMVYAQKQISKGECMYEI,TCS receptor,9384377,Quorumpeps
Staphylococcus epidermidis,SaeS,Q8CTI3,MVLSIRSQIIIGVVSSILLTSTILAIAYILMWFNGHMTLTLTLTTIITSCLTLLICSIFINPLIQKIKQFNIKTKQFANGNYASNDKTFNSPKEIYELNQSFNKMASEITQQMNQIKSEQQEKTELIQNLAHDLKTPLASIISYSEGLRDGIITKDHEIKESYDILIKQANRLSTLFDDMTHIITLNTGKTYPPELIQLDQLLVSILQPYEQRIKHENRTLEVNFCNEIDAFYQYRTPLERILTNLLDNALKFSNVGSRIDINISENEDQDTIDIAISDEGIGIIPELQERIFERTFRVENSRNTKTGGSGLGLYIANELAQQNNAKISVSSDIDVGTTMTVTLHKLDITS,TCS receptor,27150628,Quorumpeps
Lactobacillus sakei,SapK,Q48866,MLIDTKAYILRELIDDLLLYILFFSMNRQGTVRRRVLFIAVFFPITFLVALYSDISNVIPILSGYFILKEKKENDYLLLNDLLFCTFIIFGCNVLSSNIMLQILPSNRIVGFFGIFLQLFIEALVISIIIFFYRKNNLHNVKEKYASKTVSYLLIYLLLVILLISYAAHYYDAYDHFVLGIMIFLIIQTVFVVFIFLRMLTKQRTKYKNQIEKQELNNLKKYTESLEQQQQQISKFRHDYKNLLLSFKENINTNNKTALTKQIEELEQYSNRYLDKGEFDYKALYNIHNEFVKSLIIAKIHQAKELNIECYCECQKPLDIVPIPIFDCIRILGILIDNAIEAASECNEKILYLVIYQDDLQIEFSIKNTYKKSNMSIGTLQRKNISTKKGHSGLGLNTIQEFNQKFPNVFTQYKQEESFFSVQLIIIK,TCS receptor,7721704,Quorumpeps
Streptococcus mutans,Rgg,Q8DT68,MTEYGKIFKKFRESRGLKMKEVAGSNLSTSHLSRFENGESELTISKLMTALYKINMPIEEFMYAANDFHQDELNELLKDVRECVNNKDVERLKAVLIKQQENLKEGRIFHHLNVILVKIRLQDLSGETYYSKADLDYLTNYLFKVEYWGFYELLLFTNTIDVFKHETFMVLSREMMRRSDFYKEIPRNRRLISRMALNSFITCIERDKLIDALYFEKQLSICHFDETEIYERLVFHYAQNLFAYKKYKTTFAIIEMKKSVAAMKLAGSLHIAETYENHLQKILEG,TCS receptor,27992504 ,Quorumpeps
Streptococcus thermophilus,Rgg-1,F8LU00,MIDTIDIGSLTKKIRLSKKLSLKDVAGDYLSVSFLSKFERGESEISLSRFLCILENLDVSIEEIYGILSKDNPTRTEELLARVSKAFQQNNIPALKKYYYEEIEKFNSTHKKIFLYNSILIDSFLISITGKKMNKKHIEVISDYLFDVDQWGKRELVILGNSMSAVPTNTLNLLIKEIIYKTTLFGNNEENKKIKIDLILNGISIFLERKELNYAKFYIDLFDTLTIPEVYLYERVEYNILIGTYWILIGKIEVGKKKIELALESLKNLGAENLLLMRENEYEELLNSII,TCS receptor,16847652,Quorumpeps
Streptococcus thermophilus,rgg2 (MutR family),F8LX29,MDSNELLKLGEFYKELRIARKVKQKDVAKNKLSVSQLSKFESGQTMLSADKMLEVIEGINLTFSEFGFALRDYKPTQHQLLMNKISKLSAENDKQSLLKLLDKYKESQLLYDKLNTLVIKNAIHLIDRDFTLSLDDSKFLSNYLFDIEDWTAYEIHLFGNTMPFLSDTDLLFLGKELVSRSEIYSPLLDFRKALKYTYLNLISELVKRRLTTYFNFFVNQLRMILDVFDTFEIILLNFLVLVYSYLIENSVNLEEVEQYILKVSEIEQLGLSKILEQRLSQYLRTNQKGER,TCS receptor,32907945,Quorumpeps
Streptococcus thermophilus,ComR,E2QKJ5,MNIKDSIGLRIKTERELQQMSREVLCLDGAELTVRQLIRIEKGESLPSLDKLSYIAKRLGKSMTDLLDHDNITIPDEYYEMKNRLIKFPTYRNPERIKAKLALIEEVYEKFFELLSEEELLTLDILENILSFTSWEESPKVEEIYEDLFEQVKRKKKFSTNDLLVIDYYFFHLYGRKQYDKKLFERIVKRVLNQEIWTDDVYNIVLFNDLMAIAALKIFHNSFSDFLTVVDKALAVIEKSQFYSYKPSVFVLKAKYELLHKGNKKEAAENYDKAIMFASVLEDSVLEESIRAGKAADGL,TCS receptor,23396911,Quorumpeps
Bacillus thuringiensis,Cry1Aa,P0A366,MDNNPNINECIPYNCLSNPEVEVLGGERIETGYTPIDISLSLTQFLLSEFVPGAGFVLGLVDIIWGIFGPSQWDAFLVQIEQLINQRIEEFARNQAISRLEGLSNLYQIYAESFREWEADPTNPALREEMRIQFNDMNSALTTAIPLFAVQNYQVPLLSVYVQAANLHLSVLRDVSVFGQRWGFDAATINSRYNDLTRLIGNYTDHAVRWYNTGLERVWGPDSRDWIRYNQFRRELTLTVLDIVSLFPNYDSRTYPIRTVSQLTREIYTNPVLENFDGSFRGSAQGIEGSIRSPHLMDTLNSITIYTDAHRGEYYWSGHQIMASPVGFSGPEFTFPLYGTMGNAAPQQRIVAQLGQGVYRTLSSTLYRRPFNIGINNQQLSVLDGTEFAYGTSSNLPSAVYRKSGTVDSLDEIPPQNNNVPPRQGFSHRLSHVSMFRSGFSNSSVSIIRAPMFSWIHRSAEFNNIIPSSQITQIPLTKSTNLGSGTSVVKGPGFTGGDILRRTSPGQISTLRVNITAPLSQRYRVRIRYASTTNLQFHTSIDGRPINQGNFSATMSSGSNLQSGSFRTVGFTTPFNFSNGSSVFTLSAHVFNSGNEVYIDRIEFVPAEVTFEAEY,TCS receptor,27888109,Quorumpeps
Bacillus thuringiensis,NprR,G5DDY8,MKKKSLALVLAAGMAGTTFGGTGSAFADSKNVLSTKKYNETVKSPEFISGDLTGATGKKAESVVFDYLNAAKGDYKLGEKSAQDSFKVKQVKKDAVTDSTVVRMQQVYEGVPVWGSTQVAHVSKDGSLKVLSGTVAPDLDKKEKLKNKNKIEGAKAIAIAQQDLGVTPKYEVEPKADLYVYQNGEETTYAYVVNLNFLDPSPGNYYYFIEADSGKVLNKYNKLDHVTNEDKSPVKQDAPKQEAKAAAKPVTGTNKVGTGKGVLGDTKSLNTTLSGSSYYLQDNTRGATIFTYDAKNRSTLPGTLWADADNVFNAAYDAAAVDAHFYAGRTYDYYKATFNRNSINDAGAPLKSTVHYGSKYNNAFWNGSQMVYGDGDGVTFTSLSGGIDVIGHELTHAVTENSSDLIYQNESGALNEAISDIFGTLVEYYDNRNPDWEIGEDIYTPGKAGDALRSMSDPAKYGDPDHYSKRYTGTSDNGGVHTNSGIINKQAYLLANGGTHSGVTVTGIGKDKLGAIYYRANTQYFTQSTTFSQARAGAVQAAADLYGASSAEVNAVKQSFSAVGVN,TCS receptor,23388036,Quorumpeps
Clostridium perfringens,VirR,Q8XKA0,MFSIALCEDNSLQREELKNNLSKVLDEIGVEYKLLTFETGEDLLREYPENLDMLFLDIQMGELTGMETARKVRKYDDKVEIIFITALWDYIQKGYEVRAFRYLIKPVKFKELQEQVTACVENILHKRYTYITIKDKNNVLKIRTEDILFLETFERKVIIHTNSQDYIVKMSMNKLEKELNNKGFFRCHTSYIVNLIKIEEIKKDYLLINKFTLPVSKHRMKNLKLRLTSLLGDLIC,TCS receptor,27296833,Quorumpeps
Clostridium perfringens,VirS,I1SBA9,MLMNQMFWDFMENASMIIEWVSFYLIISQFSPKKRKNKQEVYSFIVIIIFSVLLKVLNVYPNERIVICFFIGLIYYKFNFRVNNIKCIMISLIFWLFMLTVEALSISFIVKINSLVNVSDLLGKNIYRMETMILSKVILISLIMVVRCLKFRVDIGKGDFIYILTPIATNIIIILVIFGYAFKGGREGFGDNVSIFFVSILLLLSNMSLMFIVSKIIKNNKLKLENEFIKDKLEMEYKYYSNLKDNQEKVKRLYHDIKNHIACIEGNNKETGIRKKYIDSLNSEIDKLNLGFNTGNEVLDVILNNKREKCMENNISLKVFIDFSKVNFIEYFDICTIFSNCIDNAIEACKKIKDNNRYISLKGNCVNNFYVIKIENSKTNKIKKLNGDFLTDKKDKFLHGIGLKNIRLALEKYNGEIIIEPLDDKFILKMLIPINQEKEA,TCS receptor,27296833,Quorumpeps
Enterococcus faecalis,FsrC,G8ADN8,MILSLLATNVLLVSSFIVFVFLRVTLIKIECKIPLLSLLIVINLCSFAALMLGCSWLIYALTVVIFTGFLLIHKKRFSIFKAIFLSVFTLLMVSFINYTEQTILSVFFQQIYQNKLLWIASNVILLLINIWIALKIPNSVFLRLNRVLENSRIFFGCLLLLLILLLLFVFLISPEISPDFMRGFVTVNSSKLELLISVGLFLILIGLVIEAYLEEQRINTQLLNNLTIYTEKIESINEELAMFRHDYKNLLNSLQIAISYEDILEIKRIYEETIAPTKKIIDNEEFELMKLNRLKNMELKALISMKINTAKQAKLKVIVDVPEVFILDTSIDLVVVIRLLAILLDNAIENSAKSELKMFAISIFNKNETQEFVITNSVQAEFDFRVMKKTKFSSKSNPEEHG,TCS receptor,10768947,Quorumpeps
Aeromonas hydrophila,QseC,G4XZM7,MTRPRSIRRFLLSGILALVSASLAISALIGYLEANHEMEELFDARLAQSSRITNQLLSRYLEQNGELPANGTVYQDWEQHNPEQWQKDTSFNLRGEDRELTPFGHEFERNLYFQLLSEQGHILLRSPSAPSQPLGALAPGFNNVTKDNHEWRTFTLYNQDEHTWLIVAERDDERSELASKMATLAMLPLLITLPFLLGLLWWLISRGLAPLRQLAQAIGERHPANLSPLTLKIRAQELTPLTNEINRLMHALADTIEREKQFTNEAAHELRTPLAVLRIHSENALAAEDAESRQHSLQKMLLALDRSDRLLRQLLTQARIDNQQGLELTELNLNQLLQSTLATLAPIALKKDQQLSLEGTEQLTVMGQATLLELMFSNLIDNALRYTQAQGEIAVEARQEGHRVRVDIRDNGPGIPTAALSRLCERFFRVNPQQGDGVGLGMAIVSRIAQLHCADLDIHNRPEGGLEVSVLLPAPSRPA,TCS receptor,22664750,Sigmol
Photobacterium sp. CECT 9192,CqsS,A0A1Y6MDS9,MRTNKRIAEAYRYIEPNLFIIGLFGSIGFPAYYFIWTYLFPQPYENLPLRLVCMLLFIPFAIKDYMPKLFLRYKEKHFVFTICFGLPFFFCYMMIRNEWSIEWIMSFMAAIFLSIIIIYDWLLILISTAIAACTAALIGYLTIGNISHGFHYSYVVVFSFSYFTGICFNYRNRIEIESKQLFSQSFSSGIAHEMRNPLSALYASQEVLLELLPESLTDDPQHNRLISNAEITKLRNIIKDNISIINNGHSTINLLLSSIDSQKISPHSFHHLSIGDVINDTLDVYGYQTKSDRDLVFFQINKDNILFGNDILLRYVFFNLLKNSFYYKEKTNFKIFISVYSKKNETIVSVKDYGKGIPLTLIKNIFAEYYTSGKKNNTGLGLSFCKKVIDAFAGKIECYSTENVSTTFIIRLPSISSPIIDKIKYDLMAMKSVLYIGNKSKILSDLNHLAFFYNFTLYSKKNSSHSIIDIDGDNYDCIIIDINSVNSHLLRKIRNKIDTTTINIIFVSHTDYDNKIILSDTYKPYLFEYNHLEVLQKKLISQLFSKRKPNNSLPSPASVAKNRIMIVDDNVSLRLYSGILLKNAGYDVVEADNGLTALNYLQEATVDLILIDSQMPVMSGIEATKEIRTNNKYHAHQHIPIICYSGSLDENQKKSFINVGMTDLLLKPTSKEILLRTVNKWLQA,CAI-1 receptor/TCS receptor,21219472,Sigmol
Caulobacter vibrioides,CckA,Q9X688,MADLQLQDKVSTGAPRRRFDPWLVGAAVFFVAAAALSAAPALKAGPTTLAGLLLLLGVAGVAVLGLVAIRGSALSGGDADQAEGFIEALAEPAALAAADGRVLAANGPWREVMGEQRRLPKGVAGSSLFAALVQARQGQMAEGMLSAGGTDYTAKVSRLAGGRLMIRLAPIVVAEPVVEDASPAPVAERAAPPPSSLDAFAGASPFGAALLEGLEPFTSRVLETNPALTTMTGAKAGVLFGDLIDAASRAEAETRLNEGRAGPYEVRLARDPSRIAHLYLYRAEGRLVAYMIDVSEQKQIELQLSQAQKMQAIGQLAGGVAHDFNNLLTAIQLRLDELLHRHPVGDPSYEGLNEIRQTGVRAADLVRKLLAFSRKQTVQREVLDLGELISEFEVLLRRLLREDVKLITDYGRDLPQVRADKSQLETAVMNLAVNARDAVRAAKGGGVVRIRTARLTRDEAIQLGFPAADGDTAFIEVSDDGPGIPPDVMGKIFDPFFTTKPVGEGTGLGLATVYGIVKQSDGWIHVHSRPNEGAAFRIFLPVYEAPAGAVAVQAVAEPAKPRAARDLSGAGRILFVEDEDAVRSVAARLLRARGYEVLEAADGEEALIIAEENAGTIDLLISDVIMPGIDGPTLLKKARGYLGTAPVMFISGYAEAEFSDLLEGETGVTFLPKPIDIKTLAERVKQQLQAA,TCS receptor,12603734,Sigmol
